,ad_gpu_mean,ad_gpu_median,ad_gpu_max,ad_gpu_min,Active
active_1000,-6.849024390243902,-6.87,-5.91,-7.63,0
active_1001,-5.720934579439254,-5.72,-4.72,-6.44,0
active_1002,-6.145643564356436,-6.16,-4.86,-7.04,0
active_1003,-4.680888888888889,-4.69,-3.52,-5.73,0
active_1004,-4.950847457627119,-4.98,-4.14,-5.64,0
active_1005,-7.480915492957746,-7.49,-5.82,-9.09,0
active_1006,-6.388472222222223,-6.345000000000001,-4.61,-7.49,0
active_1007,-8.718037974683545,-8.774999999999999,-6.37,-10.12,0
active_1008,-6.516470588235294,-6.4,-5.65,-8.12,0
active_1009,-5.780689655172413,-5.95,-4.82,-6.62,0
active_100,-7.25,-7.39,-6.4,-8.16,1
active_1010,-6.683513513513514,-6.62,-5.35,-8.06,0
active_1011,-7.168823529411765,-7.15,-5.67,-8.44,0
active_1012,-6.198235294117647,-6.4,-4.67,-7.19,0
active_1013,-7.161944444444444,-7.145,-5.73,-8.62,0
active_1014,-6.9644642857142856,-7.005000000000001,-5.07,-8.19,0
active_1015,-5.785517241379311,-5.83,-3.89,-7.06,0
active_1016,-5.3685,-5.44,-4.04,-6.62,0
active_1017,-6.1225000000000005,-6.125,-5.11,-7.33,0
active_1018,-5.802424242424243,-5.85,-4.64,-6.65,0
active_1019,-6.523548387096774,-6.48,-5.54,-7.63,0
active_101,-6.920454545454546,-6.880000000000001,-5.76,-8.49,1
active_1020,-5.860571428571428,-5.94,-4.68,-7.13,0
active_1021,-5.710704225352113,-5.69,-4.79,-6.42,0
active_1022,-6.244999999999999,-6.225,-4.95,-7.5,0
active_1023,-6.611555555555555,-6.68,-5.42,-7.4,0
active_1024,-6.3221875,-6.455,-4.62,-7.19,0
active_1025,-6.8394736842105255,-6.75,-5.9,-8.25,0
active_1026,-6.9435,-7.09,-5.99,-8.42,0
active_1027,-7.156296296296295,-7.18,-6.0,-8.36,0
active_1028,-7.823589743589744,-7.98,-6.27,-9.19,0
active_1029,-6.238139534883721,-6.23,-4.76,-7.75,0
active_102,-7.283333333333334,-7.295,-6.41,-7.98,1
active_1030,-7.580434782608695,-7.5,-6.67,-9.1,0
active_1031,-7.154545454545453,-7.234999999999999,-6.04,-7.81,0
active_1032,-7.049473684210526,-7.03,-5.97,-8.46,0
active_1033,-7.195,-7.145,-6.11,-8.2,0
active_1034,-7.986874999999999,-7.885,-7.16,-9.25,0
active_1035,-7.255555555555556,-7.26,-6.04,-8.12,0
active_1036,-7.366499999999999,-7.38,-5.51,-8.52,0
active_1037,-5.877000000000001,-5.845,-5.19,-6.41,0
active_1038,-5.328125,-5.449999999999999,-4.32,-5.8,0
active_1039,-6.8688,-6.82,-5.36,-8.17,0
active_103,-7.371666666666667,-7.68,-6.33,-8.48,1
active_1040,-5.660606060606061,-5.77,-4.25,-6.67,0
active_1041,-6.807272727272727,-6.69,-5.61,-8.11,0
active_1042,-5.2867741935483865,-5.22,-3.95,-6.58,0
active_1043,-5.588648648648649,-5.74,-4.34,-6.66,0
active_1044,-5.6,-5.52,-4.64,-6.51,0
active_1045,-4.53,-4.625,-3.14,-5.3,0
active_1046,-6.6971428571428575,-6.73,-5.48,-7.92,0
active_1047,-5.259375,-5.445,-3.79,-6.13,0
active_1048,-5.035294117647059,-4.99,-4.46,-5.84,0
active_1049,-6.074761904761904,-6.12,-4.74,-8.32,0
active_104,-6.813571428571428,-6.665,-5.83,-7.86,1
active_1050,-4.725555555555555,-4.71,-3.4,-6.01,0
active_1051,-5.833333333333334,-5.94,-4.03,-7.27,0
active_1052,-5.897241379310344,-6.08,-3.95,-6.89,0
active_1053,-5.181481481481482,-5.2,-4.21,-6.04,0
active_1054,-5.493157894736842,-5.33,-4.6,-6.59,0
active_1055,-6.878125000000001,-6.91,-5.87,-8.1,0
active_1056,-7.960677966101695,-7.89,-6.13,-9.46,0
active_1057,-5.977999999999999,-5.99,-4.75,-7.02,0
active_1058,-5.757948717948718,-5.765,-4.6,-6.91,0
active_1059,-5.855476190476191,-5.83,-4.69,-7.35,0
active_105,-6.93076923076923,-6.765000000000001,-5.61,-7.99,1
active_1060,-5.88574074074074,-5.824999999999999,-4.41,-7.17,0
active_1061,-5.943902439024391,-5.9,-4.84,-7.37,0
active_1062,-5.899111111111111,-5.91,-4.83,-6.93,0
active_1063,-5.787173913043477,-5.86,-4.76,-6.51,0
active_1064,-5.9332142857142856,-5.835,-4.55,-7.31,0
active_1065,-6.43462962962963,-6.43,-5.54,-7.26,0
active_1066,-5.892888888888889,-5.95,-4.85,-6.82,0
active_1067,-6.1365384615384615,-6.19,-5.0,-7.05,0
active_1068,-6.257727272727274,-6.275,-5.39,-6.91,0
active_1069,-6.10219512195122,-6.2,-5.16,-6.88,0
active_106,-6.745,-6.725,-5.99,-7.34,1
active_1070,-7.79588888888889,-7.779999999999999,-6.08,-9.32,0
active_1071,-6.437415730337079,-6.39,-5.28,-7.62,0
active_1072,-6.61,-6.58,-5.26,-7.59,0
active_1073,-9.263333333333334,-9.28,-7.71,-10.21,0
active_1074,-8.716842105263158,-8.6,-7.67,-9.91,0
active_1075,-7.561111111111111,-7.57,-6.59,-8.36,0
active_1076,-6.038591549295775,-6.02,-5.02,-7.28,0
active_1077,-6.419999999999999,-6.39,-5.46,-7.41,0
active_1078,-6.924305555555556,-6.955,-6.02,-7.77,0
active_1079,-5.873953488372092,-5.91,-4.2,-6.81,0
active_107,-6.836551724137931,-6.85,-5.77,-7.69,1
active_1080,-7.0712280701754375,-7.17,-5.87,-7.7,0
active_1081,-6.680499999999999,-6.62,-5.59,-7.74,0
active_1082,-6.8475806451612895,-6.865,-5.7,-7.5,0
active_1083,-6.14359649122807,-6.1850000000000005,-4.68,-7.13,0
active_1084,-6.519605263157895,-6.55,-5.52,-7.37,0
active_1085,-6.023448275862069,-6.07,-5.27,-6.84,0
active_1086,-5.779230769230769,-5.82,-4.51,-6.81,0
active_1087,-5.957735849056603,-6.01,-4.95,-7.19,0
active_1088,-6.752321428571428,-6.785,-5.36,-7.61,0
active_1089,-5.993448275862069,-5.89,-5.24,-7.07,0
active_108,-7.464193548387096,-7.36,-5.92,-8.63,1
active_1090,-6.077954545454546,-6.11,-5.24,-6.86,0
active_1091,-7.1623,-7.125,-5.91,-7.84,0
active_1092,-6.26318181818182,-6.405,-4.42,-7.83,0
active_1093,-5.207558139534884,-5.165,-3.98,-6.24,0
active_1094,-5.965675675675676,-5.94,-4.9,-6.82,0
active_1095,-8.165999999999999,-8.3,-5.97,-9.32,0
active_1096,-4.454594594594594,-4.35,-3.07,-5.28,0
active_1097,-6.1145,-6.115,-4.53,-7.34,0
active_1098,-5.4175,-5.42,-3.97,-6.41,0
active_1099,-6.152,-6.28,-5.14,-7.0,0
active_109,-6.62578947368421,-6.63,-5.2,-7.63,1
active_10,-9.188865248226952,-9.29,-7.57,-9.83,1
active_1100,-5.203823529411765,-5.195,-4.16,-6.07,0
active_1101,-6.3729850746268655,-6.37,-5.2,-7.72,0
active_1102,-6.228529411764706,-6.24,-4.96,-7.32,0
active_1103,-5.676610169491526,-5.69,-4.32,-6.96,0
active_1104,-6.363157894736842,-6.36,-5.48,-7.07,0
active_1105,-6.487307692307693,-6.44,-5.32,-7.67,0
active_1106,-6.0926,-6.1,-4.83,-7.46,0
active_1107,-6.097222222222222,-6.29,-4.71,-6.93,0
active_1108,-5.86,-5.96,-4.77,-6.76,0
active_1109,-5.164888888888889,-5.13,-4.28,-5.94,0
active_110,-7.011212121212122,-7.04,-5.85,-8.1,1
active_1110,-5.0239473684210525,-5.0600000000000005,-3.75,-6.44,0
active_1111,-6.626296296296295,-6.61,-5.67,-7.72,0
active_1112,-6.13,-6.13,-5.57,-6.88,0
active_1113,-5.81375,-5.985,-4.48,-6.7,0
active_1114,-6.628709677419355,-6.56,-5.56,-7.63,0
active_1115,-5.366888888888889,-5.29,-4.2,-6.31,0
active_1116,-5.734285714285714,-5.59,-5.07,-6.74,0
active_1117,-6.2682142857142855,-6.34,-5.31,-7.17,0
active_1118,-5.678636363636364,-5.62,-4.23,-7.04,0
active_1119,-5.328928571428572,-5.38,-4.45,-6.37,0
active_111,-6.730555555555556,-6.85,-5.63,-7.66,1
active_1120,-4.861764705882353,-4.96,-3.33,-6.4,0
active_1121,-4.758048780487805,-4.78,-3.92,-5.29,0
active_1122,-6.121111111111111,-6.01,-4.85,-6.98,0
active_1123,-5.667999999999999,-5.63,-4.52,-6.8,0
active_1124,-5.017142857142857,-4.99,-3.49,-6.31,0
active_1125,-6.44076923076923,-6.51,-5.06,-7.29,0
active_1126,-6.42,-6.43,-5.36,-7.34,0
active_1127,-6.226956521739129,-6.24,-5.42,-7.31,0
active_1128,-5.413235294117648,-5.455,-4.45,-6.26,0
active_1129,-5.55,-5.48,-4.36,-6.48,0
active_112,-5.880588235294118,-5.87,-5.08,-6.47,1
active_1130,-8.118285714285713,-8.27,-6.94,-9.12,0
active_1131,-6.656790123456791,-6.56,-5.72,-7.67,0
active_1132,-6.134655172413793,-6.195,-5.29,-6.81,0
active_1133,-6.4089887640449446,-6.48,-5.59,-7.07,0
active_1134,-9.374933333333331,-9.31,-7.9,-11.08,0
active_1135,-9.742615384615384,-9.93,-7.46,-11.01,0
active_1136,-7.723877551020408,-7.76,-6.57,-8.68,0
active_1137,-5.679193548387096,-5.665,-4.77,-6.37,0
active_1138,-8.023214285714285,-7.984999999999999,-6.92,-8.98,0
active_1139,-6.203548387096775,-6.2,-5.23,-7.32,0
active_113,-6.900000000000001,-7.095,-5.39,-7.9,1
active_1140,-5.298214285714285,-5.355,-4.12,-6.12,0
active_1141,-6.592040816326531,-6.56,-5.34,-7.74,0
active_1142,-5.196666666666666,-5.14,-4.23,-6.29,0
active_1143,-5.640444444444444,-5.63,-4.95,-6.21,0
active_1144,-6.261702127659575,-6.28,-4.99,-7.46,0
active_1145,-5.834666666666667,-5.735,-5.22,-6.68,0
active_1146,-6.153939393939394,-6.17,-5.2,-7.3,0
active_1147,-6.066428571428571,-6.015,-5.15,-7.02,0
active_1148,-5.651627906976744,-5.66,-4.87,-6.4,0
active_1149,-5.535116279069768,-5.67,-4.48,-6.18,0
active_114,-7.101666666666667,-7.06,-6.23,-7.93,1
active_1150,-4.634716981132075,-4.67,-3.75,-5.35,0
active_1151,-5.59,-5.56,-4.97,-6.33,0
active_1152,-4.509558823529411,-4.6,-3.67,-4.91,0
active_1153,-5.566603773584905,-5.59,-4.68,-6.56,0
active_1154,-6.138666666666667,-6.18,-4.99,-7.62,0
active_1155,-6.1403333333333325,-6.11,-5.25,-7.4,0
active_1156,-5.559444444444444,-5.609999999999999,-4.24,-6.39,0
active_1157,-5.649056603773585,-5.66,-4.03,-7.22,0
active_1158,-5.736190476190477,-5.7,-4.51,-6.63,0
active_1159,-6.106363636363636,-6.029999999999999,-4.81,-7.48,0
active_115,-7.348965517241379,-7.36,-6.37,-8.2,1
active_1160,-5.482916666666667,-5.470000000000001,-4.31,-6.63,0
active_1161,-5.911666666666666,-6.0,-4.27,-6.81,0
active_1162,-5.546666666666667,-5.44,-4.51,-6.32,0
active_1163,-6.305666666666667,-6.305,-5.3,-6.9,0
active_1164,-6.626666666666667,-6.48,-5.73,-7.73,0
active_1165,-5.986666666666666,-5.99,-4.37,-7.02,0
active_1166,-5.101111111111112,-5.14,-3.93,-5.85,0
active_1167,-5.338181818181818,-5.3,-4.84,-6.12,0
active_1168,-7.153035714285714,-7.17,-5.03,-8.66,0
active_1169,-6.544615384615385,-6.66,-5.63,-7.95,0
active_116,-6.843043478260869,-6.89,-5.56,-7.83,1
active_1170,-5.756451612903225,-5.76,-4.79,-6.7,0
active_1171,-5.848095238095239,-5.904999999999999,-4.26,-7.04,0
active_1172,-5.683125,-5.654999999999999,-4.94,-6.29,0
active_1173,-6.027142857142857,-5.93,-5.11,-7.0,0
active_1174,-6.391951219512195,-6.28,-5.42,-7.98,0
active_1175,-7.239512195121951,-7.35,-5.74,-8.93,0
active_1176,-5.484666666666667,-5.49,-4.37,-6.66,0
active_1177,-6.1404,-6.11,-5.08,-7.18,0
active_1178,-6.26111111111111,-6.375,-4.89,-7.43,0
active_1179,-6.5184848484848485,-6.59,-5.52,-7.08,0
active_117,-6.749148936170213,-6.72,-5.72,-7.83,1
active_1180,-6.372820512820512,-6.47,-4.62,-7.58,0
active_1181,-6.131891891891892,-6.07,-4.28,-7.43,0
active_1182,-5.387096774193548,-5.27,-4.11,-6.66,0
active_1183,-5.8108,-5.6,-4.94,-6.94,0
active_1184,-5.923333333333334,-6.025,-4.01,-6.72,0
active_1185,-5.272058823529412,-5.1850000000000005,-4.39,-6.12,0
active_1186,-7.097045454545455,-7.125,-5.86,-8.43,0
active_1187,-5.144871794871795,-5.24,-3.69,-6.39,0
active_1188,-5.778510638297873,-5.84,-4.69,-6.74,0
active_1189,-6.307567567567568,-6.36,-4.45,-7.57,0
active_118,-7.6562857142857155,-7.68,-6.73,-8.61,1
active_1190,-5.665882352941176,-5.88,-4.2,-6.43,0
active_1191,-6.250645161290322,-6.1,-4.96,-7.58,0
active_1192,-6.250238095238095,-6.265,-5.26,-7.77,0
active_1193,-5.933095238095238,-5.92,-4.23,-7.08,0
active_1194,-6.662380952380953,-6.6,-5.64,-7.94,0
active_1195,-5.626086956521739,-5.69,-4.1,-6.53,0
active_1196,-5.9596,-6.07,-4.71,-6.86,0
active_1197,-6.504375,-6.4,-5.84,-7.4,0
active_1198,-5.403199999999999,-5.4,-4.26,-6.47,0
active_1199,-5.370357142857143,-5.345,-4.22,-6.42,0
active_119,-6.277142857142857,-6.27,-5.45,-7.4,1
active_11,-7.986009852216749,-8.09,-6.46,-8.88,1
active_1200,-5.465000000000001,-5.295,-4.38,-6.79,0
active_1201,-4.9574712643678165,-4.97,-3.91,-5.5,0
active_1202,-4.612962962962963,-4.55,-3.25,-5.91,0
active_1203,-5.306470588235294,-5.385,-3.97,-6.71,0
active_1204,-6.925714285714285,-6.905,-5.71,-7.82,0
active_1205,-5.7024,-5.675000000000001,-4.53,-6.65,0
active_1206,-6.105303030303031,-6.16,-5.21,-7.07,0
active_1207,-6.735,-6.835,-5.14,-7.58,0
active_1208,-5.783684210526315,-5.84,-4.83,-6.52,0
active_1209,-5.954285714285715,-5.785,-4.94,-6.94,0
active_120,-7.063428571428571,-6.97,-5.92,-8.46,1
active_1210,-5.87764705882353,-6.03,-4.94,-6.47,0
active_1211,-5.774516129032258,-5.6,-4.94,-6.85,0
active_1212,-5.638809523809523,-5.8100000000000005,-3.92,-6.74,0
active_1213,-5.93,-6.14,-4.44,-6.77,0
active_1214,-5.1577142857142855,-5.11,-3.88,-7.62,0
active_1215,-4.241111111111111,-4.31,-3.11,-5.08,0
active_1216,-4.519545454545455,-4.675,-3.16,-5.83,0
active_1217,-7.126666666666667,-7.13,-6.01,-8.19,0
active_1218,-5.5906666666666665,-5.7,-4.44,-6.62,0
active_1219,-7.928888888888889,-7.91,-6.79,-9.36,0
active_121,-6.846500000000001,-7.065,-5.78,-7.51,1
active_1220,-5.121666666666666,-5.13,-4.43,-5.9,0
active_1221,-6.198125,-6.13,-5.28,-7.19,0
active_1222,-5.474166666666666,-5.73,-3.69,-6.48,0
active_1223,-6.091333333333334,-5.96,-5.5,-7.13,0
active_1224,-5.619166666666667,-5.665,-4.51,-6.35,0
active_1225,-5.364814814814816,-5.21,-4.53,-6.23,0
active_1226,-6.668529411764705,-6.795,-5.38,-8.18,0
active_1227,-6.188928571428571,-6.220000000000001,-5.16,-6.9,0
active_1228,-5.721500000000001,-5.75,-4.57,-7.1,0
active_1229,-6.357391304347826,-6.42,-5.13,-7.07,0
active_122,-7.0447058823529405,-6.96,-6.39,-7.89,1
active_1230,-6.418101265822786,-6.39,-5.22,-7.64,0
active_1231,-5.812714285714286,-5.77,-4.65,-6.78,0
active_1232,-5.8184745762711865,-5.86,-4.88,-6.47,0
active_1233,-5.444893617021276,-5.56,-4.39,-5.93,0
active_1234,-6.212857142857142,-6.25,-5.24,-7.21,0
active_1235,-6.612653061224489,-6.66,-5.78,-7.25,0
active_1236,-5.852432432432432,-5.97,-4.84,-6.89,0
active_1237,-5.897073170731708,-5.86,-5.1,-6.76,0
active_1238,-6.331111111111111,-6.4,-5.03,-7.09,0
active_1239,-5.616263736263736,-5.67,-4.61,-6.41,0
active_123,-6.381739130434783,-6.55,-5.08,-7.39,1
active_1240,-6.104782608695653,-6.195,-4.99,-6.94,0
active_1241,-4.717083333333334,-4.745,-3.57,-5.47,0
active_1242,-5.387222222222222,-5.36,-4.25,-6.45,0
active_1243,-6.075148514851485,-6.05,-5.34,-7.01,0
active_1244,-6.460787401574803,-6.46,-5.3,-7.35,0
active_1245,-5.504098360655738,-5.52,-4.42,-6.73,0
active_1246,-6.1336,-6.13,-4.81,-7.33,0
active_1247,-6.562941176470588,-6.59,-5.56,-7.25,0
active_1248,-5.919672131147541,-5.85,-5.09,-6.54,0
active_1249,-6.120689655172414,-6.14,-5.17,-6.96,0
active_124,-6.6152,-6.65,-5.45,-7.42,1
active_1250,-6.137611940298508,-6.02,-5.24,-6.9,0
active_1251,-6.114901960784314,-6.07,-5.57,-7.02,0
active_1252,-5.585151515151515,-5.66,-4.57,-6.27,0
active_1253,-6.468,-6.6,-5.44,-7.14,0
active_1254,-6.110166666666666,-6.07,-5.1,-6.86,0
active_1255,-6.105616438356165,-6.14,-5.32,-6.52,0
active_1256,-6.051311475409836,-6.09,-5.15,-6.45,0
active_1257,-6.086981132075472,-6.11,-5.21,-6.77,0
active_1258,-6.39808988764045,-6.5,-5.46,-6.93,0
active_1259,-6.466372549019608,-6.405,-5.7,-7.13,0
active_125,-7.698965517241379,-7.68,-6.97,-8.42,1
active_1260,-6.20274193548387,-6.1850000000000005,-5.43,-7.01,0
active_1261,-5.817358490566038,-5.86,-5.22,-6.12,0
active_1262,-6.259090909090909,-6.31,-5.53,-6.93,0
active_1263,-5.930149253731344,-5.85,-4.98,-6.74,0
active_1264,-5.356888888888889,-5.26,-4.49,-6.22,0
active_1265,-6.35156862745098,-6.34,-5.02,-7.55,0
active_1266,-6.511071428571428,-6.585,-5.5,-7.01,0
active_1267,-6.4740625,-6.665,-5.36,-6.95,0
active_1268,-6.431800000000001,-6.515000000000001,-5.34,-6.94,0
active_1269,-6.7225,-6.75,-5.42,-7.22,0
active_126,-7.254736842105262,-7.26,-6.43,-8.16,1
active_1270,-5.96654761904762,-5.92,-4.81,-7.1,0
active_1271,-5.679166666666667,-5.665,-4.79,-7.0,0
active_1272,-5.465090909090909,-5.44,-4.13,-6.74,0
active_1273,-6.409178082191781,-6.43,-5.3,-7.73,0
active_1274,-6.5965384615384615,-6.535,-4.71,-8.31,0
active_1275,-6.026875,-6.1850000000000005,-5.23,-6.78,0
active_1276,-5.897301587301588,-5.97,-4.7,-6.94,0
active_1277,-6.3679487179487175,-6.485,-5.42,-7.14,0
active_1278,-8.235735294117646,-8.265,-7.06,-8.91,0
active_1279,-6.660422535211268,-6.78,-5.24,-7.5,0
active_127,-7.213478260869565,-7.21,-6.2,-8.43,1
active_1280,-5.268144329896908,-5.29,-4.27,-6.43,0
active_1281,-5.393055555555556,-5.355,-4.53,-6.68,0
active_1282,-7.6826,-7.77,-6.26,-9.07,0
active_1283,-6.322857142857142,-6.29,-5.56,-7.37,0
active_1284,-5.3,-5.16,-4.16,-6.74,0
active_1285,-7.101063829787234,-7.13,-6.03,-8.09,0
active_1286,-5.86313725490196,-5.87,-4.43,-7.44,0
active_1287,-5.6580701754385965,-5.66,-4.33,-6.74,0
active_1288,-5.145777777777778,-5.11,-3.13,-6.63,0
active_1289,-6.32,-6.285,-5.21,-7.72,0
active_128,-6.5923333333333325,-6.59,-4.94,-7.61,1
active_1290,-5.78078125,-5.85,-3.88,-6.6,0
active_1291,-6.051964285714285,-6.03,-5.22,-7.07,0
active_1292,-6.222786885245903,-6.26,-5.23,-7.07,0
active_1293,-6.700227272727273,-6.79,-5.54,-7.58,0
active_1294,-5.61961038961039,-5.6,-4.41,-6.61,0
active_1295,-5.835,-5.815,-4.51,-6.93,0
active_1296,-6.429189189189189,-6.61,-5.26,-6.9,0
active_1297,-6.056140350877193,-6.05,-5.01,-6.89,0
active_1298,-5.600731707317073,-5.61,-4.81,-6.63,0
active_1299,-7.275471698113208,-7.37,-6.23,-8.26,0
active_129,-7.38,-7.39,-6.25,-8.81,1
active_12,-8.93175392670157,-8.96,-7.63,-9.39,1
active_1300,-5.546166666666666,-5.48,-4.34,-6.59,0
active_1301,-5.222641509433963,-5.22,-4.19,-6.42,0
active_1302,-6.113243243243243,-6.15,-5.01,-6.96,0
active_1303,-5.0365573770491805,-5.03,-3.87,-5.75,0
active_1304,-6.1162222222222224,-6.13,-4.91,-7.19,0
active_1305,-5.777446808510637,-5.76,-4.82,-6.8,0
active_1306,-6.237936507936508,-6.3,-4.62,-7.14,0
active_1307,-5.804807692307692,-5.91,-4.95,-6.7,0
active_1308,-6.4206666666666665,-6.42,-5.48,-7.37,0
active_1309,-5.051904761904761,-4.975,-4.21,-6.2,0
active_130,-6.757804878048781,-6.83,-5.62,-7.67,1
active_1310,-6.525185185185186,-6.5,-5.17,-7.44,0
active_1311,-7.851351351351352,-7.92,-6.34,-8.92,0
active_1312,-7.948809523809523,-8.004999999999999,-6.13,-8.78,0
active_1313,-6.241333333333333,-6.41,-4.67,-7.48,0
active_1314,-6.799565217391304,-6.76,-5.86,-7.74,0
active_1315,-7.528333333333333,-7.564999999999999,-6.47,-8.42,0
active_1316,-6.242820512820513,-6.34,-4.68,-7.29,0
active_1317,-7.45875,-7.56,-5.78,-8.34,0
active_1318,-7.132,-7.07,-5.66,-8.58,0
active_1319,-6.367222222222221,-6.33,-5.04,-7.54,0
active_131,-6.78375,-6.87,-4.22,-8.18,1
active_1320,-6.620454545454546,-6.6,-5.27,-7.99,0
active_1321,-7.037142857142856,-6.96,-6.2,-8.35,0
active_1322,-6.778888888888889,-6.725,-6.0,-7.91,0
active_1323,-7.028510638297873,-7.09,-5.94,-7.99,0
active_1324,-7.334074074074074,-7.29,-6.68,-8.22,0
active_1325,-6.8745,-6.734999999999999,-5.87,-8.16,0
active_1326,-7.220869565217391,-7.29,-6.35,-8.16,0
active_1327,-7.1111538461538455,-7.09,-6.1,-7.92,0
active_1328,-6.711282051282051,-6.71,-5.48,-7.66,0
active_1329,-6.838125000000001,-6.93,-5.25,-8.0,0
active_132,-6.9664705882352935,-6.91,-6.35,-7.86,1
active_1330,-8.051176470588235,-8.09,-6.79,-9.22,0
active_1331,-7.968292682926829,-8.03,-6.92,-8.94,0
active_1332,-7.474,-7.4,-6.35,-8.52,0
active_1333,-7.3975,-7.42,-6.23,-8.24,0
active_1334,-7.36153846153846,-7.33,-6.6,-8.26,0
active_1335,-7.779999999999999,-7.65,-6.57,-9.37,0
active_1336,-7.922982456140351,-8.11,-6.9,-8.97,0
active_1337,-8.414393939393937,-8.43,-6.86,-9.52,0
active_1338,-6.977857142857142,-7.109999999999999,-5.7,-7.71,0
active_1339,-7.257272727272727,-7.14,-6.23,-8.79,0
active_133,-6.800980392156864,-6.87,-5.52,-7.35,1
active_1340,-6.949166666666666,-7.1,-5.9,-7.82,0
active_1341,-6.947777777777778,-6.869999999999999,-6.21,-8.08,0
active_1342,-6.258888888888889,-6.31,-5.19,-7.22,0
active_1343,-6.951153846153847,-6.945,-6.21,-7.74,0
active_1344,-6.45525,-6.324999999999999,-4.96,-7.75,0
active_1345,-7.489999999999999,-7.43,-6.66,-8.79,0
active_1346,-7.375,-7.37,-6.19,-8.13,0
active_1347,-6.871904761904762,-6.73,-5.02,-8.17,0
active_1348,-6.888947368421052,-6.87,-6.26,-7.8,0
active_1349,-6.23078125,-6.3,-4.99,-7.08,0
active_134,-7.165945945945945,-7.15,-5.94,-8.09,1
active_1350,-6.860263157894737,-6.970000000000001,-5.41,-7.89,0
active_1351,-7.4075,-7.58,-6.23,-8.02,0
active_1352,-7.0528125,-6.975,-6.28,-8.06,0
active_1353,-7.55,-7.56,-6.24,-8.29,0
active_1354,-6.056,-5.97,-5.31,-7.14,0
active_1355,-6.372222222222224,-6.365,-5.44,-7.25,0
active_1356,-6.945714285714287,-7.09,-5.31,-8.24,0
active_1357,-6.970000000000001,-6.955,-6.01,-8.15,0
active_1358,-7.177333333333333,-7.0,-6.12,-8.38,0
active_1359,-7.200999999999999,-7.26,-6.09,-8.16,0
active_135,-7.011666666666667,-7.0,-5.88,-7.84,1
active_1360,-6.884909090909091,-6.92,-4.72,-8.19,0
active_1361,-7.133448275862069,-7.34,-5.61,-8.53,0
active_1362,-7.427999999999999,-7.425,-6.14,-8.53,0
active_1363,-6.608260869565218,-6.6,-5.02,-7.47,0
active_1364,-6.390454545454546,-6.234999999999999,-5.51,-7.82,0
active_1365,-8.058780487804878,-8.14,-6.83,-9.06,0
active_1366,-6.768888888888888,-6.89,-5.54,-7.75,0
active_1367,-6.2034782608695656,-6.2,-4.72,-7.94,0
active_1368,-7.614,-7.69,-6.29,-8.32,0
active_1369,-7.147272727272727,-7.26,-5.97,-8.18,0
active_136,-7.381071428571428,-7.515,-6.24,-8.22,1
active_1370,-6.123846153846154,-6.155,-5.15,-6.94,0
active_1371,-7.095106382978724,-7.02,-6.02,-8.17,0
active_1372,-6.52,-6.43,-5.85,-7.54,0
active_1373,-7.1836363636363645,-7.13,-6.06,-8.33,0
active_1374,-9.322758620689656,-9.44,-7.26,-10.61,0
active_1375,-7.55063829787234,-7.59,-6.18,-8.46,0
active_1376,-7.419482758620689,-7.465,-5.98,-8.61,0
active_1377,-7.701111111111111,-7.68,-5.99,-9.29,0
active_1378,-9.572372881355932,-9.67,-7.46,-10.86,0
active_1379,-7.812380952380953,-7.61,-6.74,-9.11,0
active_137,-6.714736842105264,-6.74,-6.08,-7.67,1
active_1380,-7.242173913043478,-7.28,-6.47,-8.0,0
active_1381,-7.859310344827587,-7.94,-7.0,-8.24,0
active_1382,-7.654615384615384,-7.68,-6.67,-8.36,0
active_1383,-7.493924050632913,-7.56,-6.13,-8.7,0
active_1384,-7.244642857142857,-7.244999999999999,-6.06,-8.25,0
active_1385,-7.290612244897959,-7.44,-5.86,-8.66,0
active_1386,-7.206666666666667,-7.16,-5.77,-8.05,0
active_1387,-7.4859375,-7.535,-6.39,-8.32,0
active_1388,-8.668421052631578,-8.629999999999999,-7.84,-9.83,0
active_1389,-8.771212121212121,-8.68,-7.44,-10.0,0
active_138,-7.704117647058823,-7.6,-6.94,-9.02,1
active_1390,-7.957692307692308,-7.97,-7.01,-8.73,0
active_1391,-7.232456140350878,-7.3,-6.11,-8.37,0
active_1392,-7.668695652173913,-7.74,-6.38,-8.73,0
active_1393,-7.48875,-7.645,-6.22,-8.31,0
active_1394,-7.614210526315789,-7.66,-6.27,-8.74,0
active_1395,-6.533076923076924,-6.515,-5.42,-7.47,0
active_1396,-7.28423076923077,-7.31,-5.89,-8.34,0
active_1397,-7.244761904761904,-7.17,-6.49,-8.06,0
active_1398,-9.217142857142855,-9.135000000000002,-7.44,-10.29,0
active_1399,-8.431935483870967,-8.38,-7.0,-9.44,0
active_139,-6.412857142857144,-6.39,-5.53,-7.29,1
active_13,-9.118617511520736,-9.12,-7.71,-10.06,1
active_1400,-8.364193548387096,-8.46,-7.4,-9.48,0
active_1401,-7.192777777777778,-7.19,-6.28,-8.43,0
active_1402,-8.565217391304348,-8.67,-7.41,-9.57,0
active_1403,-7.58,-7.575,-6.67,-9.11,0
active_1404,-6.837714285714286,-6.89,-5.76,-7.58,0
active_1405,-7.050370370370371,-7.08,-6.02,-7.91,0
active_1406,-8.050425531914893,-8.02,-7.09,-9.1,0
active_1407,-8.642068965517241,-8.684999999999999,-7.35,-10.28,0
active_1408,-7.699558823529411,-7.745,-6.32,-8.81,0
active_1409,-8.015,-7.83,-6.51,-9.51,0
active_140,-6.454210526315789,-6.45,-5.46,-7.38,1
active_1410,-5.516043956043957,-5.48,-4.81,-5.86,0
active_1411,-6.352903225806451,-6.3,-5.03,-7.44,0
active_1412,-6.920389610389609,-7.05,-5.41,-7.51,0
active_1413,-9.80638888888889,-9.79,-8.35,-10.93,0
active_1414,-7.959666666666667,-7.975,-7.06,-8.8,0
active_1415,-8.11974358974359,-8.14,-6.55,-9.31,0
active_1416,-7.756923076923077,-7.725,-6.74,-8.79,0
active_1417,3.28,3.28,3.28,3.28,0
active_1418,-7.316875,-7.24,-6.62,-8.46,0
active_1419,-6.739444444444445,-6.9,-5.52,-7.9,0
active_141,-6.698125,-6.51,-5.17,-7.53,1
active_1420,-6.578749999999999,-6.625,-5.18,-7.74,0
active_1421,-6.5809756097560985,-6.57,-4.78,-7.94,0
active_1422,-6.818636363636363,-6.675,-5.76,-8.16,0
active_1423,-6.370322580645162,-6.27,-5.29,-7.4,0
active_1424,-7.1096,-7.09,-5.49,-8.52,0
active_1425,-6.910769230769231,-6.97,-5.78,-8.08,0
active_1426,-6.546250000000001,-6.73,-5.57,-7.73,0
active_1427,-8.237037037037036,-8.37,-6.53,-9.39,0
active_1428,-6.266547619047619,-6.17,-4.88,-7.98,0
active_1429,-6.58531914893617,-6.55,-5.57,-7.81,0
active_142,-6.166250000000001,-6.01,-4.48,-7.9,1
active_1430,-6.6225,-6.66,-5.43,-7.59,0
active_1431,-5.965000000000001,-5.985,-4.92,-7.24,0
active_1432,-7.665217391304348,-7.64,-6.36,-8.82,0
active_1433,-7.807894736842105,-7.91,-6.37,-9.03,0
active_1434,-6.4957142857142856,-6.525,-5.32,-7.43,0
active_1435,-7.498809523809523,-7.484999999999999,-5.98,-8.83,0
active_1436,-6.772812500000001,-6.835,-5.35,-7.83,0
active_1437,-6.7925,-6.915,-5.19,-7.84,0
active_1438,-5.910434782608696,-5.91,-5.14,-6.59,0
active_1439,-6.713333333333333,-6.779999999999999,-5.65,-7.89,0
active_143,-7.741724137931034,-7.65,-7.04,-8.55,1
active_1440,-7.361724137931035,-7.53,-6.17,-8.71,0
active_1441,-6.085909090909091,-6.18,-4.68,-7.11,0
active_1442,-6.495238095238096,-6.52,-4.78,-7.54,0
active_1443,-6.496666666666666,-6.484999999999999,-5.65,-7.67,0
active_1444,-5.818235294117647,-5.68,-4.65,-7.38,0
active_1445,-7.313225806451612,-7.34,-6.41,-8.12,0
active_1446,-6.890000000000001,-6.86,-6.1,-8.14,0
active_1447,-6.94,-6.94,-6.07,-7.63,0
active_1448,-6.396923076923077,-6.63,-5.42,-7.41,0
active_1449,-6.936315789473685,-6.98,-5.72,-8.07,0
active_144,-8.145217391304346,-8.3,-6.98,-9.1,1
active_1450,-6.25962962962963,-6.355,-4.32,-7.5,0
active_1451,-7.338709677419355,-7.37,-6.1,-8.06,0
active_1452,-7.480625,-7.390000000000001,-6.65,-8.34,0
active_1453,-6.079571428571428,-6.075,-4.17,-7.07,0
active_1454,-6.843855421686746,-6.86,-5.42,-8.05,0
active_1455,-5.295178571428571,-5.305,-4.43,-6.01,0
active_1456,-7.143000000000001,-7.225,-5.9,-7.95,0
active_1457,-7.327368421052632,-7.24,-6.12,-8.52,0
active_1458,-6.732962962962964,-7.07,-5.34,-7.49,0
active_1459,-5.990285714285714,-6.08,-4.62,-7.08,0
active_145,-6.952333333333333,-7.1,-5.64,-8.02,1
active_1460,-6.098823529411765,-6.13,-5.11,-7.37,0
active_1461,-6.841904761904762,-6.89,-5.7,-7.8,0
active_1462,-6.371904761904762,-6.47,-4.95,-7.57,0
active_1463,-7.254482758620689,-7.15,-6.16,-8.69,0
active_1464,-5.700769230769232,-5.7,-5.09,-6.39,0
active_1465,-5.297551020408164,-5.27,-3.74,-6.61,0
active_1466,-5.755,-5.75,-5.06,-6.58,0
active_1467,-6.407962962962962,-6.265,-5.06,-7.82,0
active_1468,-5.785454545454545,-5.855,-3.74,-6.99,0
active_1469,-5.730344827586207,-5.71,-4.8,-6.94,0
active_146,-6.910303030303031,-6.96,-5.88,-7.88,1
active_1470,-7.056363636363637,-7.05,-6.23,-7.88,0
active_1471,-6.9361702127659575,-6.88,-5.53,-8.06,0
active_1472,-6.962727272727273,-6.93,-6.39,-7.77,0
active_1473,-6.5,-6.38,-4.96,-7.64,0
active_1474,-6.480333333333333,-6.54,-5.25,-7.45,0
active_1475,-6.034666666666666,-5.88,-4.13,-7.69,0
active_1476,-6.713571428571429,-6.6850000000000005,-5.78,-8.1,0
active_1477,-6.690307692307693,-6.71,-5.17,-7.88,0
active_1478,-6.787826086956522,-6.88,-5.8,-7.69,0
active_1479,-5.859473684210525,-5.795,-4.91,-6.68,0
active_147,-6.618260869565217,-6.54,-5.59,-7.58,1
active_1480,-8.024137931034483,-8.02,-6.69,-9.27,0
active_1481,-6.883,-6.859999999999999,-6.1,-7.78,0
active_1482,-7.0936,-7.34,-5.45,-8.29,0
active_1483,-5.09054054054054,-5.08,-4.22,-6.03,0
active_1484,-6.258965517241379,-6.23,-5.45,-7.28,0
active_1485,-6.455499999999999,-6.565,-4.68,-7.84,0
active_1486,-6.735714285714286,-6.765000000000001,-5.15,-8.0,0
active_1487,-5.667428571428572,-5.715,-4.53,-6.9,0
active_1488,-6.6048,-6.53,-5.63,-7.52,0
active_1489,-7.046938775510204,-6.99,-6.18,-8.24,0
active_148,-7.071739130434783,-6.88,-5.73,-8.13,1
active_1490,-6.679090909090909,-6.785,-5.47,-7.62,0
active_1491,-6.358076923076923,-6.315,-5.41,-7.36,0
active_1492,-7.2536,-7.23,-6.19,-8.25,0
active_1493,-7.877828571428572,-8.02,-6.91,-8.4,0
active_1494,-7.565188470066518,-7.65,-6.64,-7.67,0
active_1495,-8.121125000000001,-8.15,-6.94,-8.21,0
active_1496,-7.678873873873873,-7.85,-6.68,-7.87,0
active_1497,-7.180944444444444,-7.25,-6.65,-7.26,0
active_1498,-7.426153846153846,-7.44,-6.8,-7.45,0
active_1499,-7.769606986899564,-7.92,-6.61,-8.0,0
active_149,-7.284117647058824,-7.42,-6.34,-8.13,1
active_14,-8.811440329218106,-8.84,-7.67,-9.49,1
active_1500,-7.708925373134328,-7.81,-6.25,-8.15,0
active_1501,-7.004945054945055,-6.95,-6.28,-7.19,0
active_1502,-7.85020325203252,-7.77,-6.26,-8.32,0
active_1503,-8.849189189189188,-8.81,-7.65,-9.57,0
active_1504,-8.041032258064517,-8.21,-7.03,-8.22,0
active_1505,-8.552965517241379,-8.53,-7.4,-9.36,0
active_1506,-7.669571045576408,-7.74,-6.8,-7.74,0
active_1507,-7.634492753623188,-7.825,-6.15,-8.4,0
active_1508,-6.3284375,-6.305,-5.63,-7.02,0
active_1509,-7.240825082508252,-7.34,-6.21,-7.4,0
active_150,-6.7796666666666665,-6.775,-5.74,-7.76,1
active_1510,-7.082428571428572,-7.0600000000000005,-5.4,-8.02,0
active_1511,-6.6832558139534886,-6.705,-5.41,-7.63,0
active_1512,-6.903505154639175,-6.93,-5.65,-8.07,0
active_1513,-5.959,-5.98,-5.1,-6.61,0
active_1514,-6.949175257731958,-6.84,-5.81,-8.11,0
active_1515,-6.04,-6.17,-4.49,-6.53,0
active_1516,-6.414655172413792,-6.605,-4.87,-7.22,0
active_1517,-6.4032584269662935,-6.425,-5.36,-7.18,0
active_1518,-4.3964,-4.39,-3.43,-5.5,0
active_1519,-4.848275862068966,-4.89,-3.76,-5.9,0
active_151,-6.906315789473684,-6.85,-6.0,-8.12,1
active_1520,-5.796666666666667,-5.695,-4.88,-7.05,0
active_1521,-6.377368421052631,-6.34,-4.68,-7.51,0
active_1522,-4.226666666666667,-4.26,-3.44,-4.61,0
active_1523,-5.098965517241379,-5.11,-4.38,-5.84,0
active_1524,-4.3875,-4.4,-3.43,-5.38,0
active_1525,-6.0525,-6.1,-4.84,-6.76,0
active_1526,-5.769,-5.825,-4.6,-7.05,0
active_1527,-5.304375,-5.279999999999999,-4.06,-6.55,0
active_1528,-4.674642857142857,-4.68,-3.83,-5.51,0
active_1529,-5.759743589743589,-5.91,-4.51,-6.63,0
active_152,-6.4603125,-6.404999999999999,-5.24,-7.97,1
active_1530,-4.665,-4.615,-3.68,-5.57,0
active_1531,-4.747241379310345,-4.77,-3.51,-5.37,0
active_1532,-5.325853658536585,-5.33,-3.62,-6.5,0
active_1533,-5.929523809523809,-6.08,-4.54,-6.82,0
active_1534,-6.008235294117647,-5.94,-4.99,-7.13,0
active_1535,-4.498181818181819,-4.515,-3.74,-5.35,0
active_1536,-5.11,-5.07,-4.07,-6.34,0
active_1537,-5.988484848484848,-6.0,-5.29,-7.03,0
active_1538,-5.661315789473684,-5.715,-4.49,-7.16,0
active_1539,-5.152857142857143,-5.16,-4.36,-6.09,0
active_153,-6.951249999999999,-7.025,-5.63,-7.89,1
active_1540,-5.80860465116279,-5.85,-4.59,-6.8,0
active_1541,-4.727407407407407,-4.81,-3.54,-5.53,0
active_1542,-5.433030303030304,-5.42,-4.57,-6.15,0
active_1543,-5.6246875,-5.765000000000001,-4.16,-6.52,0
active_1544,-5.3708,-5.54,-4.0,-6.54,0
active_1545,-5.115,-5.13,-4.13,-6.04,0
active_1546,-5.517,-5.515000000000001,-4.41,-6.57,0
active_1547,-4.5676,-4.57,-3.28,-5.44,0
active_1548,-4.743846153846154,-4.67,-3.97,-5.32,0
active_1549,-5.041428571428571,-4.98,-3.96,-6.0,0
active_154,-8.188518518518519,-8.219999999999999,-6.81,-9.04,1
active_1550,-4.996896551724138,-4.99,-3.93,-5.86,0
active_1551,-5.8136,-5.75,-4.68,-6.56,0
active_1552,-4.296666666666667,-4.07,-3.43,-5.41,0
active_1553,-4.26,-4.34,-3.43,-5.09,0
active_1554,-5.04103448275862,-5.07,-3.59,-6.07,0
active_1555,-5.78264705882353,-5.675000000000001,-4.81,-7.17,0
active_1556,-4.7478125,-4.75,-3.58,-5.85,0
active_1557,-5.09,-5.07,-3.64,-5.96,0
active_1558,-4.481153846153847,-4.495,-3.11,-5.4,0
active_1559,-4.301111111111111,-4.27,-2.54,-5.36,0
active_155,-6.766486486486487,-6.84,-5.9,-8.22,1
active_1560,-4.521724137931034,-4.52,-3.44,-5.64,0
active_1561,-5.365769230769231,-5.385,-4.39,-6.63,0
active_1562,-4.825652173913044,-4.82,-3.78,-5.82,0
active_1563,-6.367931034482759,-6.36,-5.27,-7.6,0
active_1564,-3.619166666666666,-3.64,-2.47,-4.54,0
active_1565,-5.44258064516129,-5.45,-4.35,-6.54,0
active_1566,-5.593720930232558,-5.52,-4.51,-6.56,0
active_1567,-4.828235294117647,-4.785,-3.82,-5.97,0
active_1568,-4.163571428571428,-4.225,-2.98,-5.08,0
active_1569,-5.3425714285714285,-5.29,-4.66,-6.44,0
active_156,-7.247777777777778,-7.395,-6.12,-8.15,1
active_1570,-5.706086956521739,-5.65,-4.87,-6.54,0
active_1571,-5.060434782608696,-5.02,-4.29,-5.94,0
active_1572,-4.671764705882353,-4.72,-3.42,-5.55,0
active_1573,-3.84448275862069,-3.78,-2.79,-4.89,0
active_1574,-4.7575,-4.715,-3.99,-5.85,0
active_1575,-5.006071428571429,-4.925,-4.19,-5.84,0
active_1576,-6.0558208955223884,-6.02,-4.96,-7.14,0
active_1577,-4.154090909090909,-4.02,-3.58,-4.98,0
active_1578,-4.420344827586207,-4.32,-3.87,-5.32,0
active_1579,-4.390666666666666,-4.33,-3.44,-5.44,0
active_157,-7.016500000000001,-6.9350000000000005,-6.34,-7.82,1
active_1580,-5.471923076923077,-5.4350000000000005,-4.76,-6.29,0
active_1581,-5.147777777777778,-5.14,-3.53,-6.36,0
active_1582,-5.422962962962963,-5.54,-4.4,-6.45,0
active_1583,-5.117878787878787,-4.95,-4.33,-6.13,0
active_1584,-5.04945945945946,-4.99,-3.94,-5.81,0
active_1585,-4.992368421052632,-5.025,-3.98,-5.92,0
active_1586,-4.783684210526316,-4.79,-3.63,-5.93,0
active_1587,-4.8025,-4.825,-3.81,-5.4,0
active_1588,-5.162444444444445,-5.15,-4.52,-6.19,0
active_1589,-4.868636363636363,-4.915,-2.92,-6.07,0
active_158,-6.76890909090909,-6.81,-4.55,-8.27,1
active_1590,-5.135,-5.19,-4.29,-5.78,0
active_1591,-5.911333333333333,-5.885,-4.84,-6.91,0
active_1592,-4.535666666666667,-4.555,-3.21,-5.36,0
active_1593,-6.230833333333334,-6.220000000000001,-5.53,-7.08,0
active_1594,-5.573124999999999,-5.640000000000001,-4.22,-6.57,0
active_1595,-7.464256505576209,-7.5,-6.67,-7.51,0
active_1596,-7.981111111111112,-8.15,-7.17,-8.21,0
active_1597,-7.17616935483871,-7.57,-6.2,-7.64,0
active_1598,-8.457725118483411,-8.59,-7.08,-9.06,0
active_1599,-6.270402298850574,-6.335,-5.57,-6.54,0
active_159,-7.011666666666667,-7.140000000000001,-6.03,-8.17,1
active_15,-8.315157894736842,-8.44,-6.57,-9.04,1
active_1600,-7.870958904109588,-7.89,-6.55,-9.04,0
active_1601,-6.693957219251337,-6.78,-5.39,-7.42,0
active_1602,-6.883100775193799,-6.85,-6.05,-7.23,0
active_1603,-8.589934640522877,-8.64,-7.38,-9.45,0
active_1604,-9.008936170212763,-9.05,-7.74,-10.26,0
active_1605,-9.076290322580643,-9.11,-7.52,-10.35,0
active_1606,-8.1521875,-8.18,-5.59,-10.09,0
active_1607,-7.300787401574802,-7.46,-5.77,-8.76,0
active_1608,-8.626788321167883,-8.71,-6.93,-9.85,0
active_1609,-7.41298245614035,-7.425,-6.11,-8.11,0
active_160,-6.941904761904762,-6.96,-5.95,-8.24,1
active_1610,-8.603333333333333,-8.67,-7.15,-9.83,0
active_1611,-8.369862068965517,-8.4,-6.83,-9.97,0
active_1612,-8.027836538461537,-8.065000000000001,-6.12,-9.39,0
active_1613,-8.586636363636364,-8.575,-6.93,-9.71,0
active_1614,-9.11054794520548,-9.11,-7.58,-10.21,0
active_1615,-8.537430555555554,-8.495000000000001,-7.08,-9.98,0
active_1616,-10.041800766283524,-10.16,-8.2,-11.34,0
active_1617,-7.991891891891892,-7.96,-6.77,-9.19,0
active_1618,-8.874191616766467,-8.89,-6.81,-10.49,0
active_1619,-7.609568345323741,-7.42,-6.52,-8.81,0
active_161,-7.462000000000001,-7.4,-6.3,-8.97,1
active_1620,-7.774666666666666,-7.78,-6.19,-9.29,0
active_1621,-9.04878787878788,-9.01,-7.78,-10.26,0
active_1622,-7.770046948356807,-7.8,-6.07,-9.07,0
active_1623,-9.96556701030928,-10.02,-8.12,-10.97,0
active_1624,-7.651908396946566,-7.52,-6.57,-8.8,0
active_1625,-7.650551948051947,-7.72,-7.12,-7.73,0
active_1626,-7.699054545454548,-7.84,-6.63,-7.84,0
active_1627,-7.0482521489971335,-7.17,-5.32,-7.41,0
active_1628,-6.9134715025906734,-6.97,-6.59,-6.99,0
active_1629,-6.855,-6.89,-5.19,-7.94,0
active_162,-7.124285714285714,-7.13,-5.51,-8.44,1
active_1630,-7.038275862068966,-7.05,-6.32,-7.64,0
active_1631,-6.3525,-6.375,-5.7,-6.9,0
active_1632,-6.069629629629629,-6.05,-5.66,-6.71,0
active_1633,-7.067222222222223,-7.13,-5.44,-7.74,0
active_1634,-7.691891891891893,-7.66,-6.52,-9.9,0
active_1635,-7.472222222222222,-7.66,-6.17,-8.44,0
active_1636,-6.995,-7.005,-5.92,-8.0,0
active_1637,-6.148666666666667,-6.21,-5.59,-6.72,0
active_1638,-6.5208,-6.55,-5.83,-7.13,0
active_1639,-7.716190476190477,-7.69,-6.95,-8.59,0
active_163,-7.047916666666667,-7.18,-6.01,-7.61,1
active_1640,-8.02625,-8.175,-6.54,-9.41,0
active_1641,-6.676451612903226,-6.76,-5.22,-7.39,0
active_1642,-7.955263157894736,-8.03,-6.65,-9.05,0
active_1643,-8.510408163265305,-8.54,-6.51,-10.17,0
active_1644,-7.249574468085107,-7.279999999999999,-6.03,-8.62,0
active_1645,-7.580857142857144,-7.51,-6.26,-8.46,0
active_1646,-8.126363636363637,-8.05,-7.12,-9.47,0
active_1647,-7.015000000000001,-7.115,-5.5,-7.87,0
active_1648,-8.097037037037037,-8.16,-6.73,-9.65,0
active_1649,-6.454999999999999,-6.365,-5.53,-7.7,0
active_164,-7.642413793103448,-7.71,-6.36,-8.45,1
active_1650,-7.938,-8.024999999999999,-6.4,-8.78,0
active_1651,-7.378636363636364,-7.395,-6.48,-8.25,0
active_1652,-8.865833333333333,-9.0,-7.61,-9.69,0
active_1653,-6.733714285714286,-6.74,-5.3,-7.65,0
active_1654,-7.074193548387097,-7.12,-6.01,-7.93,0
active_1655,-8.330571428571428,-8.32,-6.97,-9.22,0
active_1656,-8.547441860465117,-8.6,-6.68,-9.49,0
active_1657,-9.407635658914728,-9.52,-7.59,-10.82,0
active_1658,-8.398235294117647,-8.43,-7.31,-9.23,0
active_1659,-7.922321428571428,-7.95,-6.09,-8.87,0
active_165,-7.1364,-7.2,-6.02,-7.99,1
active_1660,-8.152142857142858,-8.215,-6.89,-9.14,0
active_1661,-7.333055555555556,-7.43,-6.17,-8.33,0
active_1662,-7.564210526315789,-7.53,-6.45,-9.02,0
active_1663,-8.260882352941177,-8.195,-6.61,-9.61,0
active_1664,-6.6850000000000005,-6.675,-5.98,-7.43,0
active_166,-7.410000000000001,-7.46,-6.63,-8.08,1
active_167,-7.284285714285714,-7.275,-6.23,-8.21,1
active_168,-6.556969696969697,-6.67,-5.05,-7.72,1
active_169,-6.674705882352941,-6.665,-5.42,-7.74,1
active_16,-8.209750000000001,-8.344999999999999,-6.95,-8.93,1
active_170,-7.285454545454545,-7.2,-6.37,-8.32,1
active_171,-6.9044827586206905,-6.94,-5.83,-8.23,1
active_172,-7.269166666666666,-7.475,-6.21,-8.05,1
active_173,-7.126333333333334,-7.2,-5.9,-8.3,1
active_174,-7.593636363636364,-7.64,-6.99,-8.17,1
active_175,-7.137777777777777,-7.15,-6.39,-7.89,1
active_176,-6.365,-6.34,-5.64,-7.21,1
active_177,-7.059375,-6.875,-6.05,-8.11,1
active_178,-6.284814814814815,-6.26,-5.6,-7.0,1
active_179,-7.059642857142857,-7.035,-5.76,-7.98,1
active_17,-7.4371875,-7.439999999999999,-6.45,-8.99,1
active_180,-7.516285714285714,-7.63,-6.54,-8.41,1
active_181,-6.4896,-6.62,-4.81,-7.49,1
active_182,-6.157058823529411,-6.19,-5.5,-6.65,1
active_183,-8.235499999999998,-8.205,-7.66,-8.88,1
active_184,-6.795151515151516,-6.98,-4.92,-8.13,1
active_185,-6.453333333333333,-6.49,-5.62,-7.42,1
active_186,-5.849130434782609,-5.87,-5.07,-6.74,1
active_187,-7.473870967741935,-7.45,-6.19,-8.48,1
active_188,-7.68139534883721,-7.54,-6.48,-8.89,1
active_189,-7.026521739130436,-6.95,-5.86,-7.8,1
active_18,-8.686607142857143,-8.825,-7.02,-9.64,1
active_190,-6.800800000000001,-6.69,-5.98,-7.8,1
active_191,-7.680434782608696,-7.7,-6.78,-8.7,1
active_192,-6.829714285714286,-6.95,-5.73,-7.74,1
active_193,-6.558421052631579,-6.61,-5.06,-7.5,1
active_194,-7.3656,-7.45,-6.16,-8.6,1
active_195,-6.717058823529412,-6.91,-5.47,-8.15,1
active_196,-7.135454545454547,-7.195,-5.88,-7.89,1
active_197,-6.391923076923077,-6.43,-4.9,-7.23,1
active_198,-7.138750000000001,-7.225,-5.75,-7.69,1
active_199,-7.041538461538461,-7.07,-6.09,-7.68,1
active_19,-7.048947368421053,-6.91,-6.29,-8.45,1
active_1,-9.165359477124182,-9.38,-7.32,-9.75,1
active_200,-6.664347826086956,-6.63,-5.45,-7.8,1
active_201,-4.993684210526316,-4.91,-4.24,-5.97,1
active_202,-7.17,-7.3,-6.09,-8.33,1
active_203,-6.624126984126984,-6.73,-5.59,-7.45,1
active_204,-6.711785714285715,-6.815,-5.51,-7.69,1
active_205,-6.753666666666667,-6.795,-5.72,-7.71,1
active_206,-7.213103448275862,-7.245,-5.09,-8.5,1
active_207,-7.522413793103447,-7.52,-6.13,-8.64,1
active_208,-7.028500000000001,-7.02,-6.2,-7.93,1
active_209,-6.935882352941177,-7.045,-5.62,-8.03,1
active_20,-6.700270270270269,-6.8,-5.41,-7.65,1
active_210,-6.895416666666667,-6.895,-6.06,-8.1,1
active_211,-6.826200000000001,-6.779999999999999,-5.56,-8.16,1
active_212,-6.45888888888889,-6.470000000000001,-5.68,-7.41,1
active_213,-6.5021875,-6.515,-5.37,-7.35,1
active_214,-6.959999999999999,-7.015,-6.31,-8.04,1
active_215,-8.214848484848487,-8.3,-6.89,-9.16,1
active_216,-7.1617500000000005,-7.359999999999999,-5.84,-8.13,1
active_217,-6.021578947368421,-6.03,-4.69,-7.14,1
active_218,-5.843918918918919,-5.865,-4.93,-6.65,1
active_219,-8.021190476190476,-8.035,-6.96,-9.3,1
active_21,-7.304516129032258,-7.18,-6.09,-9.05,1
active_220,-6.261,-6.289999999999999,-5.24,-6.95,1
active_221,-5.618125,-5.574999999999999,-4.85,-6.18,1
active_222,-5.586666666666667,-5.58,-4.91,-6.21,1
active_223,-6.595416666666666,-6.645,-5.32,-7.37,1
active_224,-5.834166666666667,-6.035,-4.57,-6.34,1
active_225,-5.492857142857143,-5.48,-5.06,-6.06,1
active_226,-5.481111111111112,-5.56,-4.57,-6.26,1
active_227,-5.0655,-5.07,-4.24,-6.03,1
active_228,-5.459473684210527,-5.6,-4.25,-6.17,1
active_229,-5.5905000000000005,-5.654999999999999,-4.84,-6.19,1
active_22,-8.072142857142856,-8.2,-7.08,-9.0,1
active_230,-6.218709677419355,-6.22,-4.77,-7.2,1
active_231,-6.244,-6.34,-5.04,-7.05,1
active_232,-5.547777777777778,-5.73,-4.34,-6.57,1
active_233,-7.152,-7.075,-6.38,-8.05,1
active_234,-5.924375,-5.86,-5.25,-6.74,1
active_235,-5.558000000000001,-5.65,-4.86,-6.15,1
active_236,-5.784285714285714,-5.78,-5.03,-6.3,1
active_237,-5.771052631578947,-5.76,-5.24,-6.31,1
active_238,-5.90625,-5.925000000000001,-4.51,-6.84,1
active_239,-6.058461538461538,-6.109999999999999,-4.98,-6.85,1
active_23,-7.126190476190475,-7.25,-5.89,-8.49,1
active_240,-6.450526315789474,-6.45,-5.71,-7.4,1
active_241,-5.489565217391305,-5.41,-4.84,-6.33,1
active_242,-6.874827586206897,-6.69,-5.52,-8.24,1
active_243,-6.743125,-6.640000000000001,-5.9,-7.71,1
active_244,-5.31,-5.31,-4.39,-6.18,1
active_245,-6.118163265306123,-6.06,-5.26,-6.96,1
active_246,-8.040882352941177,-8.114999999999998,-6.54,-8.97,1
active_247,-6.480869565217391,-6.51,-4.93,-7.11,1
active_248,-6.131304347826086,-6.19,-4.96,-6.98,1
active_249,-6.695185185185185,-6.59,-5.79,-7.82,1
active_24,-7.4853125,-7.255,-6.53,-8.21,1
active_250,-5.809230769230769,-5.86,-4.22,-6.44,1
active_251,-9.144871794871792,-9.2,-7.25,-10.19,1
active_252,-6.589375,-6.51,-5.54,-7.91,1
active_253,-6.486666666666666,-6.494999999999999,-5.34,-7.54,1
active_254,-6.2525,-6.145,-5.62,-6.96,1
active_255,-6.536842105263159,-6.56,-5.58,-7.23,1
active_256,-6.551379310344828,-6.53,-5.63,-7.39,1
active_257,-8.576943005181347,-8.66,-6.95,-8.9,1
active_258,-6.633703703703704,-6.63,-5.6,-7.58,1
active_259,-6.717368421052631,-6.77,-5.98,-7.72,1
active_25,-7.4605263157894735,-7.5,-6.59,-8.28,1
active_260,-6.531052631578947,-6.68,-4.9,-7.28,1
active_261,-5.046666666666666,-4.984999999999999,-4.15,-5.99,1
active_262,-5.914347826086956,-5.92,-4.84,-6.95,1
active_263,-5.6408,-5.68,-4.74,-6.37,1
active_264,-5.571052631578947,-5.51,-4.83,-6.14,1
active_265,-5.842732558139535,-5.89,-4.94,-6.49,1
active_266,-7.822142857142857,-7.785,-6.58,-8.94,1
active_267,-6.675833333333333,-6.725,-5.75,-7.58,1
active_268,-5.786315789473684,-5.89,-4.55,-6.58,1
active_269,-5.489555555555555,-5.44,-4.53,-6.4,1
active_26,-6.899000000000001,-6.76,-5.91,-7.87,1
active_270,-5.255384615384616,-5.46,-3.83,-6.48,1
active_271,-5.514,-5.485,-5.01,-6.11,1
active_272,-6.332424242424242,-6.335,-5.26,-7.33,1
active_273,-5.893666666666666,-5.78,-5.16,-6.77,1
active_274,-5.6119642857142855,-5.68,-4.29,-6.86,1
active_275,-6.138205128205128,-6.07,-4.9,-7.47,1
active_276,-5.8715789473684215,-5.97,-5.11,-6.46,1
active_277,-5.3306,-5.39,-4.56,-5.95,1
active_278,-5.607826086956521,-5.53,-4.91,-6.69,1
active_279,-5.749090909090909,-5.77,-4.6,-6.63,1
active_27,-7.3020512820512815,-7.44,-5.58,-8.41,1
active_280,-6.202068965517242,-6.28,-4.91,-6.87,1
active_281,-5.9990476190476185,-5.89,-5.38,-6.78,1
active_282,-5.882173913043479,-5.88,-5.0,-6.7,1
active_283,-5.779473684210527,-6.0,-4.81,-6.38,1
active_284,-5.642307692307692,-5.76,-4.12,-6.4,1
active_285,-7.110588235294117,-7.15,-6.28,-8.53,1
active_286,-5.433939393939394,-5.54,-4.45,-6.5,1
active_287,-5.482105263157894,-5.46,-4.45,-6.24,1
active_288,-6.185714285714286,-6.25,-5.03,-7.04,1
active_289,-6.761363636363637,-6.745,-5.15,-7.86,1
active_28,-7.510434782608696,-7.43,-6.01,-8.88,1
active_290,-4.8593548387096765,-4.74,-3.52,-6.37,1
active_291,-6.481578947368422,-6.6,-5.18,-7.45,1
active_292,-6.024074074074075,-6.04,-4.91,-7.21,1
active_293,-6.66625,-6.715,-5.96,-7.3,1
active_294,-7.086500000000001,-7.205,-5.72,-7.79,1
active_295,-6.285,-6.25,-5.16,-7.44,1
active_296,-5.684857142857144,-5.73,-4.78,-6.49,1
active_297,-5.667619047619048,-5.45,-4.97,-7.08,1
active_298,-6.031304347826086,-6.06,-4.92,-7.2,1
active_299,-5.857692307692308,-5.93,-5.02,-6.62,1
active_29,-6.9471875,-6.86,-6.1,-8.01,1
active_2,-9.39061135371179,-9.47,-7.6,-9.85,1
active_300,-6.463809523809524,-6.44,-5.92,-7.05,1
active_301,-7.048181818181818,-7.035,-5.94,-7.93,1
active_302,-5.7685,-5.775,-4.74,-6.67,1
active_303,-6.988421052631579,-6.99,-6.21,-7.81,1
active_304,-5.6225000000000005,-5.62,-4.69,-6.14,1
active_305,-5.637142857142858,-5.64,-5.07,-6.07,1
active_306,-5.532333333333332,-5.6,-4.26,-6.54,1
active_307,-6.016857142857143,-6.03,-5.35,-6.54,1
active_308,-5.864999999999999,-5.94,-4.79,-6.46,1
active_309,-6.358823529411764,-6.07,-5.1,-7.41,1
active_30,-7.755238095238094,-7.64,-6.61,-8.76,1
active_310,-5.409999999999999,-5.43,-4.69,-5.97,1
active_311,-6.0252173913043485,-6.08,-5.05,-6.61,1
active_312,-5.636571428571429,-5.71,-4.07,-6.79,1
active_313,-5.691578947368421,-5.72,-4.46,-6.19,1
active_314,-6.658260869565217,-6.65,-5.48,-7.62,1
active_315,-5.6984615384615385,-5.665,-5.14,-6.34,1
active_316,-5.830799999999999,-5.87,-4.81,-6.56,1
active_317,-7.0325,-7.015,-5.7,-8.04,1
active_318,-6.409285714285715,-6.37,-5.77,-7.27,1
active_319,-6.154347826086957,-6.16,-5.16,-6.98,1
active_31,-7.165576923076923,-7.14,-5.49,-8.06,1
active_320,-6.57361111111111,-6.45,-5.49,-7.65,1
active_321,-6.972799999999999,-7.06,-6.16,-7.87,1
active_322,-7.2735,-7.44,-5.49,-8.22,1
active_323,-8.677873563218391,-8.645,-7.34,-9.5,1
active_324,-8.36062962962963,-8.46,-6.87,-8.85,1
active_325,-8.974200477326969,-9.05,-7.77,-9.27,1
active_326,-6.421490384615385,-6.485,-5.45,-6.88,1
active_327,-8.073609271523178,-8.075,-6.11,-8.96,1
active_328,-9.05958041958042,-9.17,-7.26,-9.62,1
active_329,-8.867769230769232,-8.95,-7.38,-9.39,1
active_32,-6.80875,-6.8,-5.25,-8.06,1
active_330,-7.767456140350877,-7.83,-6.59,-8.11,1
active_331,-9.421235059760956,-9.51,-7.31,-9.94,1
active_332,-8.880406976744187,-9.01,-7.42,-9.19,1
active_333,-7.53047619047619,-7.48,-6.69,-8.34,1
active_334,-8.107555555555555,-8.18,-6.84,-8.86,1
active_335,-8.113705722070845,-8.21,-6.86,-8.67,1
active_336,-8.480983050847458,-8.69,-6.73,-8.96,1
active_337,-8.729999999999999,-8.82,-6.98,-9.97,1
active_338,-8.620917874396136,-8.62,-7.35,-9.38,1
active_339,-8.305780051150895,-8.42,-6.7,-8.73,1
active_33,-6.815625,-6.9350000000000005,-5.5,-7.69,1
active_340,-8.938281938325991,-9.03,-7.21,-9.31,1
active_341,-7.275684210526316,-7.23,-6.0,-8.19,1
active_342,-7.582083333333333,-7.73,-6.32,-8.37,1
active_343,-7.344807692307693,-7.375,-6.51,-7.76,1
active_344,-8.771875000000001,-8.879999999999999,-7.52,-9.87,1
active_345,-8.339762711864406,-8.3,-7.01,-9.18,1
active_346,-6.797586206896551,-6.82,-5.63,-7.8,1
active_347,-7.960216450216451,-8.13,-6.63,-8.41,1
active_348,-8.57453781512605,-8.684999999999999,-7.31,-9.12,1
active_349,-7.744848484848485,-7.75,-6.53,-8.69,1
active_34,-6.713499999999999,-6.82,-5.2,-7.74,1
active_350,-7.371600000000001,-7.32,-6.46,-8.63,1
active_351,-7.625249999999999,-7.685,-5.28,-9.04,1
active_352,-9.108740157480314,-9.105,-7.58,-9.76,1
active_353,-9.322055555555556,-9.44,-7.82,-9.8,1
active_354,-6.586666666666667,-6.6,-6.01,-7.55,1
active_355,-8.124854368932038,-8.27,-6.64,-8.38,1
active_356,-8.351306666666668,-8.45,-7.23,-8.76,1
active_357,-9.581388101983002,-9.71,-7.98,-10.06,1
active_358,-7.863255813953489,-7.92,-6.74,-8.5,1
active_359,-8.48267857142857,-8.41,-6.75,-8.87,1
active_35,-6.928999999999999,-7.0600000000000005,-5.4,-7.86,1
active_360,-8.411462450592886,-8.44,-6.67,-9.35,1
active_361,-6.954074074074073,-6.88,-6.04,-7.88,1
active_362,-6.903823529411765,-6.865,-5.97,-8.12,1
active_363,-7.805652173913042,-7.84,-6.41,-9.0,1
active_364,-6.637090909090908,-6.63,-5.37,-7.66,1
active_365,-8.199563318777294,-8.25,-6.75,-8.76,1
active_366,-7.68188679245283,-7.72,-6.81,-8.26,1
active_367,-6.6493548387096775,-6.62,-5.22,-8.07,1
active_368,-6.438923076923077,-6.52,-5.47,-7.15,1
active_369,-8.447049180327868,-8.59,-6.42,-9.2,1
active_36,-6.979142857142857,-6.85,-6.13,-8.2,1
active_370,-7.538095238095239,-7.525,-6.32,-8.27,1
active_371,-7.280588235294117,-7.33,-6.43,-7.85,1
active_372,-8.443967611336031,-8.6,-6.64,-8.97,1
active_373,-6.881923076923077,-6.925000000000001,-6.0,-7.39,1
active_374,-7.672702702702702,-7.56,-6.16,-9.22,1
active_375,-6.553275862068966,-6.6850000000000005,-5.18,-7.57,1
active_376,-7.686233766233765,-7.685,-6.64,-8.72,1
active_377,-6.421827956989247,-6.32,-4.68,-7.85,1
active_378,-6.658918918918919,-6.635,-5.54,-7.69,1
active_379,-7.110833333333333,-7.15,-5.81,-8.3,1
active_37,-6.723809523809523,-6.75,-5.07,-7.72,1
active_380,-6.3046875,-6.34,-5.41,-7.07,1
active_381,-8.6360625,-8.655000000000001,-6.89,-9.22,1
active_382,-6.496333333333333,-6.455,-5.49,-8.02,1
active_383,-6.686986301369863,-6.65,-5.68,-7.57,1
active_384,-8.536785714285713,-8.594999999999999,-7.38,-10.09,1
active_385,-9.308,-9.4,-8.26,-9.65,1
active_386,-8.003715846994535,-8.0,-6.73,-8.59,1
active_387,-8.495013477088948,-8.52,-7.76,-8.98,1
active_388,-9.440651340996167,-9.55,-7.61,-10.11,1
active_389,-6.577692307692307,-6.59,-5.82,-7.23,1
active_38,-7.151578947368421,-7.04,-6.08,-8.25,1
active_390,-8.275897435897436,-8.42,-6.88,-9.0,1
active_391,-6.748250000000001,-6.869999999999999,-5.68,-7.52,1
active_392,-9.041231527093595,-9.05,-7.9,-9.54,1
active_393,-7.2119402985074625,-7.21,-5.98,-8.76,1
active_394,-8.658591885441528,-8.71,-6.86,-8.81,1
active_395,-8.405626740947074,-8.45,-6.77,-8.61,1
active_396,-8.195583333333333,-8.26,-6.92,-8.65,1
active_397,-6.623225806451613,-6.65,-5.41,-7.48,1
active_398,-6.9424,-7.01,-5.98,-7.62,1
active_399,-7.682037037037037,-7.68,-6.22,-9.06,1
active_39,-6.647222222222222,-6.69,-5.8,-7.55,1
active_3,-8.781702898550725,-8.99,-7.03,-9.5,1
active_400,-8.465909090909092,-8.56,-7.35,-8.95,1
active_401,-6.420833333333333,-6.345000000000001,-5.18,-7.25,1
active_402,-8.284242424242423,-8.45,-6.58,-9.04,1
active_403,-6.711714285714287,-6.79,-5.64,-7.5,1
active_404,-6.05037037037037,-6.045,-4.91,-7.18,1
active_405,-6.542222222222223,-6.625,-5.56,-7.47,1
active_406,-8.758260869565218,-8.69,-7.15,-9.6,1
active_407,-6.725937500000001,-6.8,-5.86,-7.6,1
active_408,-6.736552567237164,-6.8,-5.9,-6.93,1
active_409,-8.040993788819875,-8.11,-7.16,-8.23,1
active_40,-7.173636363636363,-7.25,-6.1,-7.83,1
active_410,-7.056666666666667,-7.06,-6.04,-7.85,1
active_411,-6.117291666666667,-6.18,-4.8,-6.8,1
active_412,-10.29812030075188,-10.31,-8.24,-12.13,1
active_413,-8.685604395604397,-8.79,-6.97,-9.88,1
active_414,-9.159029126213593,-9.02,-7.59,-10.41,1
active_415,-9.796581818181815,-9.76,-8.32,-10.44,1
active_416,-8.502037037037038,-8.57,-6.86,-9.46,1
active_417,-9.177894736842104,-9.21,-7.52,-10.42,1
active_418,-8.728639455782313,-8.73,-6.95,-9.68,1
active_419,-9.4421875,-9.48,-7.54,-10.49,1
active_41,-7.084615384615384,-7.1,-6.21,-7.83,1
active_420,-9.944634146341464,-9.93,-8.29,-11.78,1
active_421,-8.623863636363636,-8.735,-7.2,-9.56,1
active_422,-9.189420289855072,-9.28,-7.52,-10.47,1
active_423,-9.536979166666669,-9.53,-7.89,-10.79,1
active_424,-8.883622047244096,-8.97,-7.3,-9.54,1
active_425,-8.815471698113207,-8.835,-7.09,-10.1,1
active_426,-7.486170212765958,-7.53,-6.5,-8.07,1
active_427,-8.736380952380951,-8.69,-7.02,-9.75,1
active_428,-6.421379310344826,-6.43,-5.46,-7.32,1
active_429,-8.416527777777778,-8.6,-6.48,-9.3,1
active_42,-7.406078431372548,-7.45,-5.88,-8.46,1
active_430,-9.378184143222509,-9.45,-7.15,-9.71,1
active_431,-6.186529680365297,-6.22,-5.83,-6.6,1
active_432,-6.121200000000001,-6.1,-4.88,-6.99,1
active_433,-6.710793650793652,-6.69,-5.94,-8.01,1
active_434,-6.600793650793651,-6.71,-4.77,-7.82,1
active_435,-5.774444444444445,-5.87,-4.53,-6.92,1
active_436,-7.562369668246446,-7.6,-5.65,-9.03,1
active_437,-5.941313559322033,-5.94,-4.37,-7.23,1
active_438,-6.725961538461538,-6.835,-5.69,-7.55,1
active_439,-6.855833333333333,-6.925,-5.97,-7.45,1
active_43,-7.183888888888889,-7.215,-5.95,-8.25,1
active_440,-7.277391304347827,-7.31,-6.18,-8.25,1
active_441,-6.755254237288135,-6.98,-4.99,-7.48,1
active_442,-6.063714285714284,-6.2,-4.33,-7.3,1
active_443,-5.895416666666667,-5.92,-4.91,-7.0,1
active_444,-8.16105,-8.22,-6.57,-8.52,1
active_445,-5.972666666666666,-6.0,-5.19,-6.85,1
active_446,-8.755365853658537,-8.94,-7.04,-9.8,1
active_447,-9.066875,-9.155,-7.3,-10.09,1
active_448,-8.79646017699115,-8.89,-7.31,-9.82,1
active_449,-7.878163265306122,-7.99,-6.74,-8.77,1
active_44,-7.710512820512822,-7.67,-6.37,-9.27,1
active_450,-10.263956043956044,-10.24,-8.24,-11.7,1
active_451,-7.418936170212767,-7.51,-6.15,-8.6,1
active_452,-9.322247191011236,-9.26,-7.43,-10.42,1
active_453,-10.663303571428573,-10.625,-8.97,-12.22,1
active_454,-9.847105263157896,-10.075,-7.08,-11.48,1
active_455,-7.2363541666666675,-7.2,-5.86,-8.15,1
active_456,-7.297395833333333,-7.295,-5.86,-8.75,1
active_457,-9.16686567164179,-9.21,-6.78,-10.7,1
active_458,-7.875948275862069,-7.9,-6.58,-8.4,1
active_459,-9.0438,-9.16,-7.07,-10.13,1
active_45,-6.98,-6.97,-5.58,-7.6,1
active_460,-8.1178125,-8.094999999999999,-6.34,-9.15,1
active_461,-8.810471698113208,-8.825,-6.97,-10.13,1
active_462,-7.972166666666666,-7.949999999999999,-6.22,-9.1,1
active_463,-6.695428571428571,-6.734999999999999,-5.34,-8.53,1
active_464,-7.010608108108108,-7.065,-5.58,-8.52,1
active_465,-7.13650406504065,-7.25,-5.97,-8.04,1
active_466,-9.217058823529412,-9.36,-7.5,-10.7,1
active_467,-9.109295774647888,-9.19,-7.93,-10.15,1
active_468,-8.501686746987952,-8.56,-7.38,-9.14,1
active_469,-8.853561643835615,-8.87,-7.17,-9.97,1
active_46,-7.039565217391305,-7.18,-5.99,-7.88,1
active_470,-9.08918699186992,-9.22,-7.73,-10.02,1
active_471,-9.580125,-9.635000000000002,-7.81,-11.63,1
active_472,-7.319633027522935,-7.35,-5.83,-8.35,1
active_473,-8.691772151898736,-8.59,-6.85,-10.77,1
active_474,-8.428923076923077,-8.41,-6.56,-9.96,1
active_475,-9.02055118110236,-9.07,-7.39,-10.24,1
active_476,-8.128070175438596,-8.12,-6.76,-9.21,1
active_477,-8.440384615384616,-8.465,-6.44,-9.53,1
active_478,-9.981258503401362,-10.04,-8.16,-11.8,1
active_479,-8.431720430107527,-8.55,-7.19,-9.67,1
active_47,-7.479583333333333,-7.535,-6.49,-8.78,1
active_480,-8.376857142857142,-8.475000000000001,-6.87,-9.15,1
active_481,-7.3325,-7.325,-5.8,-8.62,0
active_482,-7.605040650406504,-7.45,-6.27,-8.26,0
active_483,-5.5112903225806456,-5.52,-4.83,-6.26,0
active_484,-6.048484848484849,-6.08,-5.1,-6.63,0
active_485,-5.1067857142857145,-5.130000000000001,-4.26,-5.97,0
active_486,-7.689084967320261,-7.68,-6.94,-8.78,0
active_487,-7.182794117647058,-7.205,-6.32,-7.74,0
active_488,-7.914892086330936,-8.03,-5.93,-8.54,0
active_489,-7.207678571428572,-7.335,-6.01,-7.97,0
active_48,-7.176315789473684,-7.15,-6.25,-8.28,1
active_490,-5.113333333333333,-5.19,-3.25,-6.98,0
active_491,-7.9925396825396815,-8.08,-6.51,-8.31,0
active_492,-7.960520000000001,-8.004999999999999,-6.57,-8.64,0
active_493,-8.318694362017803,-8.4,-6.98,-8.51,0
active_494,-7.788619402985076,-8.094999999999999,-7.07,-8.23,0
active_495,-5.077692307692308,-4.98,-3.97,-6.3,0
active_496,-7.702759493670887,-7.85,-6.39,-8.08,0
active_497,-7.212010869565217,-7.28,-6.73,-7.32,0
active_498,-7.020000000000001,-7.06,-6.4,-7.07,0
active_499,-8.428093749999999,-8.5,-7.12,-8.57,0
active_49,-8.017027027027027,-8.01,-6.13,-9.47,1
active_4,-8.530182767624021,-8.61,-7.2,-9.26,1
active_500,-7.734776536312849,-7.87,-6.84,-7.88,0
active_501,-7.196736842105263,-7.26,-6.44,-7.31,0
active_502,-7.15994652406417,-7.22,-6.04,-7.23,0
active_503,-4.507187500000001,-4.48,-3.51,-5.44,0
active_504,-4.616585365853658,-4.69,-3.55,-5.31,0
active_505,-5.139268292682927,-5.22,-4.03,-6.15,0
active_506,-4.903428571428572,-4.98,-3.81,-6.13,0
active_507,-5.31795918367347,-5.26,-3.56,-6.64,0
active_508,-4.823888888888889,-4.92,-3.85,-5.83,0
active_509,-5.667317073170732,-5.68,-4.26,-6.73,0
active_50,-8.082083333333333,-8.09,-7.21,-9.17,1
active_510,-6.160909090909091,-6.31,-4.95,-7.26,0
active_511,-4.7016,-4.84,-3.44,-5.51,0
active_512,-4.82125,-4.74,-3.85,-5.91,0
active_513,-5.116842105263157,-5.04,-4.09,-6.22,0
active_514,-4.899285714285715,-4.875,-3.85,-5.89,0
active_515,-4.945,-4.890000000000001,-3.67,-5.96,0
active_516,-4.535588235294117,-4.55,-3.66,-5.46,0
active_517,-4.113783783783784,-4.15,-3.01,-4.91,0
active_518,-4.175238095238095,-4.245,-3.26,-5.07,0
active_519,-4.2805,-4.385,-3.14,-4.91,0
active_51,-7.829782608695653,-7.95,-6.53,-8.65,1
active_520,-4.772812500000001,-4.755,-3.7,-6.0,0
active_521,-5.053939393939394,-5.04,-4.07,-6.06,0
active_522,-5.4625,-5.415,-4.61,-6.41,0
active_523,-5.892608695652174,-5.9,-5.18,-6.85,0
active_524,-3.957857142857143,-4.05,-3.24,-4.7,0
active_525,-4.725714285714286,-4.715,-3.63,-5.88,0
active_526,-4.83,-4.75,-3.86,-5.77,0
active_527,-6.685416666666666,-6.645,-5.76,-7.85,0
active_528,-4.775405405405405,-4.86,-3.42,-5.82,0
active_529,-5.681,-5.675,-4.77,-6.64,0
active_52,-7.924782608695652,-7.96,-6.83,-9.26,1
active_530,-5.825454545454545,-5.775,-4.4,-6.72,0
active_531,-5.826249999999999,-5.885,-4.57,-6.7,0
active_532,-3.892500000000001,-3.835,-3.3,-4.54,0
active_533,-3.76,-3.77,-2.97,-4.55,0
active_534,-4.715909090909091,-4.734999999999999,-4.09,-5.42,0
active_535,-5.46625,-5.385,-4.81,-6.41,0
active_536,-6.371428571428572,-6.485,-5.17,-7.29,0
active_537,-4.8115625,-4.81,-3.91,-5.77,0
active_538,-4.573529411764706,-4.654999999999999,-3.26,-5.54,0
active_539,-4.572352941176471,-4.62,-3.14,-5.46,0
active_53,-8.05,-7.83,-6.97,-9.65,1
active_540,-5.1485,-5.175000000000001,-3.91,-5.83,0
active_541,-5.988148148148149,-6.0,-4.87,-7.0,0
active_542,-5.290526315789474,-5.2,-4.33,-6.34,0
active_543,-5.656538461538461,-5.83,-4.69,-6.58,0
active_544,-5.1075,-5.195,-4.1,-6.03,0
active_545,-4.928095238095238,-4.84,-4.31,-5.73,0
active_546,-4.75,-4.75,-3.8,-6.05,0
active_547,-5.328148148148148,-5.37,-4.26,-6.71,0
active_548,-4.7445,-4.77,-3.39,-5.98,0
active_549,-5.21909090909091,-5.25,-4.13,-6.06,0
active_54,-8.6472,-8.75,-7.69,-9.22,1
active_550,-4.838787878787879,-4.86,-3.63,-5.64,0
active_551,-4.7952,-4.52,-3.68,-6.05,0
active_552,-4.971851851851852,-5.06,-3.76,-5.94,0
active_553,-4.431363636363637,-4.42,-3.25,-5.69,0
active_554,-4.575238095238096,-4.6,-3.43,-5.79,0
active_555,-4.383125,-4.359999999999999,-3.21,-5.12,0
active_556,-5.224210526315789,-5.26,-4.5,-6.1,0
active_557,-4.487407407407408,-4.51,-3.48,-5.4,0
active_558,-4.821935483870968,-4.84,-3.8,-5.82,0
active_559,-4.393055555555555,-4.390000000000001,-3.27,-5.05,0
active_55,-8.193888888888889,-8.225,-7.21,-9.19,1
active_560,-4.574571428571429,-4.56,-3.71,-5.53,0
active_561,-5.202173913043478,-5.25,-4.4,-5.82,0
active_562,-5.988,-5.895,-5.29,-6.79,0
active_563,-4.976538461538462,-5.0,-4.14,-6.0,0
active_564,-4.771818181818182,-4.795,-3.7,-5.91,0
active_565,-5.276363636363636,-5.32,-3.93,-6.29,0
active_566,-4.629714285714286,-4.72,-3.55,-5.51,0
active_567,-5.001379310344827,-5.05,-3.83,-5.72,0
active_568,-4.801052631578948,-4.9,-3.94,-5.93,0
active_569,-5.644375,-5.645,-4.21,-6.62,0
active_56,-7.73918918918919,-7.74,-6.43,-8.76,1
active_570,-4.376666666666666,-4.46,-3.37,-5.12,0
active_571,-5.559473684210527,-5.73,-4.46,-6.5,0
active_572,-4.566538461538462,-4.25,-3.45,-5.8,0
active_573,-4.648000000000001,-4.635,-3.17,-5.92,0
active_574,-3.824375,-3.75,-3.01,-4.74,0
active_575,-6.305882352941176,-6.19,-5.56,-7.39,0
active_576,-4.589565217391304,-4.49,-3.92,-5.45,0
active_577,-5.009047619047619,-4.96,-4.37,-6.05,0
active_578,-5.123076923076923,-5.025,-4.26,-6.56,0
active_579,-5.185625,-5.145,-4.4,-6.02,0
active_57,-6.738888888888889,-6.79,-5.75,-7.55,1
active_580,-5.045454545454546,-5.115,-4.08,-6.09,0
active_581,-4.491739130434783,-4.55,-3.39,-5.43,0
active_582,-4.832222222222223,-4.8,-4.03,-5.73,0
active_583,-4.995357142857143,-4.9350000000000005,-3.73,-6.01,0
active_584,-6.195416666666667,-6.205,-5.02,-7.32,0
active_585,-4.691153846153847,-4.695,-3.84,-5.76,0
active_586,-4.2568,-4.3,-3.03,-5.22,0
active_587,-5.6745833333333335,-5.76,-4.71,-6.38,0
active_588,-5.847608695652174,-5.855,-3.99,-6.83,0
active_589,-4.27909090909091,-4.15,-3.27,-5.24,0
active_58,-6.897,-6.835,-5.96,-7.64,1
active_590,-5.524878048780487,-5.54,-4.63,-6.34,0
active_591,-5.816666666666667,-5.78,-4.23,-7.02,0
active_592,-5.5235,-5.565,-4.63,-6.17,0
active_593,-5.381904761904762,-5.4,-4.5,-6.24,0
active_594,-5.423703703703704,-5.38,-4.53,-6.36,0
active_595,-5.338333333333334,-5.390000000000001,-4.43,-6.22,0
active_596,-4.158125,-4.125,-3.35,-5.04,0
active_597,-4.3875,-4.415,-3.23,-5.36,0
active_598,-5.160333333333333,-5.16,-4.25,-5.9,0
active_599,-4.9175,-5.04,-4.1,-5.59,0
active_59,-7.1657142857142855,-7.305,-5.83,-8.11,1
active_5,-9.576417004048585,-9.9,-7.85,-9.99,1
active_600,-4.698181818181819,-4.609999999999999,-4.05,-5.51,0
active_601,-4.650869565217391,-4.71,-3.67,-5.42,0
active_602,-5.327777777777778,-5.359999999999999,-4.11,-5.99,0
active_603,-5.17409090909091,-5.235,-4.65,-5.92,0
active_604,-5.1571428571428575,-5.26,-4.35,-5.86,0
active_605,-6.070869565217391,-6.0,-5.37,-6.88,0
active_606,-4.454444444444444,-4.445,-3.75,-5.11,0
active_607,-5.788,-5.82,-4.66,-6.62,0
active_608,-6.017096774193549,-6.02,-5.05,-7.01,0
active_609,-5.971590909090909,-6.035,-4.47,-6.77,0
active_60,-6.4440740740740745,-6.46,-4.91,-7.56,1
active_610,-6.019333333333333,-6.08,-5.25,-6.73,0
active_611,-5.398867924528302,-5.41,-4.03,-6.46,0
active_612,-5.205263157894737,-5.25,-4.09,-6.13,0
active_613,-4.583414634146342,-4.47,-3.55,-5.74,0
active_614,-5.927241379310344,-5.84,-5.3,-6.78,0
active_615,-5.198648648648648,-5.13,-3.93,-6.15,0
active_616,-5.53,-5.555,-4.36,-6.33,0
active_617,-4.47,-4.46,-3.29,-5.38,0
active_618,-4.3392307692307694,-4.38,-3.48,-5.48,0
active_619,-6.031724137931035,-6.04,-5.42,-6.68,0
active_61,-6.69,-6.56,-5.23,-7.98,1
active_620,-6.1866666666666665,-6.49,-5.29,-6.84,0
active_621,-5.074285714285714,-5.16,-3.89,-6.08,0
active_622,-4.5524,-4.48,-3.38,-5.71,0
active_623,-4.648666666666667,-4.61,-3.96,-5.67,0
active_624,-5.377878787878788,-5.42,-4.07,-6.39,0
active_625,-5.546470588235294,-5.5,-3.85,-6.46,0
active_626,-5.387727272727273,-5.43,-4.62,-5.88,0
active_627,-4.086842105263158,-4.19,-2.15,-5.28,0
active_628,-4.880434782608695,-4.83,-4.16,-6.08,0
active_629,-4.475714285714286,-4.53,-3.28,-5.75,0
active_62,-7.390322580645161,-7.4,-6.29,-8.51,1
active_630,-5.53241379310345,-5.53,-4.14,-6.39,0
active_631,-4.565882352941176,-4.62,-3.5,-5.45,0
active_632,-5.006428571428572,-5.01,-3.79,-6.22,0
active_633,-5.138181818181819,-5.145,-4.26,-6.53,0
active_634,-4.306666666666667,-4.345,-3.24,-5.13,0
active_635,-4.501388888888889,-4.445,-3.49,-5.63,0
active_636,-4.968571428571429,-4.835,-4.15,-5.84,0
active_637,-4.819259259259259,-4.71,-4.07,-5.76,0
active_638,-5.602647058823529,-5.58,-4.66,-6.56,0
active_639,-4.88037037037037,-4.9,-3.16,-5.99,0
active_63,-6.521315789473684,-6.545,-4.61,-7.67,1
active_640,-4.987058823529412,-4.97,-4.25,-5.67,0
active_641,-3.7157142857142857,-3.83,-2.8,-4.48,0
active_642,-5.541333333333333,-5.48,-4.94,-6.31,0
active_643,-5.59,-5.529999999999999,-4.51,-6.59,0
active_644,-5.537058823529412,-5.59,-4.46,-6.7,0
active_645,-4.39,-4.3100000000000005,-3.8,-4.97,0
active_646,-5.619565217391305,-5.72,-4.64,-6.94,0
active_647,-4.980833333333334,-5.06,-3.96,-5.79,0
active_648,-5.215555555555556,-5.155,-4.53,-6.47,0
active_649,-4.822978723404256,-4.9,-3.75,-5.65,0
active_64,-7.134166666666666,-7.055,-6.19,-7.83,1
active_650,-4.564615384615385,-4.67,-3.48,-5.39,0
active_651,-4.639130434782609,-4.75,-3.32,-5.57,0
active_652,-6.198421052631579,-6.13,-4.46,-7.12,0
active_653,-5.842857142857143,-5.875,-4.91,-6.47,0
active_654,-4.5824,-4.56,-3.7,-5.7,0
active_655,-5.001481481481481,-4.92,-4.33,-5.69,0
active_656,-5.142580645161291,-5.21,-3.55,-6.19,0
active_657,-4.183913043478261,-4.13,-3.32,-4.66,0
active_658,-4.766785714285715,-4.69,-4.01,-6.04,0
active_659,-4.890625,-5.109999999999999,-3.53,-5.69,0
active_65,-7.191612903225806,-7.13,-5.67,-8.37,1
active_660,-6.21578947368421,-6.42,-4.92,-7.19,0
active_661,-5.291666666666667,-5.475,-3.72,-5.72,0
active_662,-5.574838709677419,-5.56,-3.83,-6.53,0
active_663,-5.2685,-5.154999999999999,-4.59,-6.25,0
active_664,-4.8924,-4.92,-3.76,-6.02,0
active_665,-4.884117647058823,-4.78,-4.07,-6.35,0
active_666,-4.692105263157895,-4.65,-3.74,-5.95,0
active_667,-5.262222222222222,-5.145,-4.34,-6.5,0
active_668,-4.790625,-4.775,-4.22,-5.47,0
active_669,-4.42111111111111,-4.465,-3.7,-5.1,0
active_66,-7.405454545454546,-7.465,-6.41,-8.32,1
active_670,-4.058529411764706,-3.985,-3.07,-5.15,0
active_671,-4.695806451612903,-4.72,-3.89,-5.55,0
active_672,-6.51070707070707,-6.609999999999999,-4.85,-7.34,0
active_673,-7.156198347107438,-7.14,-6.43,-7.3,0
active_674,-7.159086294416244,-7.19,-6.74,-7.22,0
active_675,-7.677557603686637,-7.83,-6.69,-7.92,0
active_676,-7.453053435114504,-7.57,-6.39,-7.67,0
active_677,-7.852934362934362,-8.01,-6.67,-8.03,0
active_678,-8.383478260869564,-8.465,-6.59,-9.07,0
active_679,-7.9069375,-7.87,-7.13,-8.51,0
active_67,-6.197619047619047,-6.19,-4.67,-7.42,1
active_680,-7.328840579710144,-7.32,-6.6,-7.62,0
active_681,-7.064310344827587,-7.11,-6.49,-7.2,0
active_682,-8.375702479338843,-8.5,-6.94,-8.88,0
active_683,-8.258865671641791,-8.42,-7.58,-8.46,0
active_684,-7.800801886792453,-7.8,-7.37,-7.95,0
active_685,-7.2690677966101696,-7.22,-6.87,-7.51,0
active_686,-7.281117318435755,-7.24,-6.5,-7.7,0
active_687,-7.170181818181818,-7.17,-6.3,-7.33,0
active_688,-7.186409395973155,-7.25,-5.81,-7.63,0
active_689,-7.630645161290324,-7.7,-7.23,-7.7,0
active_68,-6.532790697674418,-6.61,-4.82,-7.93,1
active_690,-6.977735191637631,-7.03,-6.53,-7.12,0
active_691,-7.121454545454546,-7.14,-6.55,-7.2,0
active_692,-6.3097916666666665,-6.41,-4.98,-7.18,0
active_693,-6.2515,-6.279999999999999,-5.02,-7.1,0
active_694,-7.443386581469648,-7.45,-6.68,-7.65,0
active_695,-7.214140127388534,-7.3,-6.6,-7.36,0
active_696,-7.040675105485232,-7.1,-6.32,-7.12,0
active_697,-7.208715596330276,-7.27,-5.15,-7.91,0
active_698,-7.051122448979592,-7.31,-5.0,-7.6,0
active_699,-6.716972477064221,-6.89,-5.05,-7.75,0
active_69,-7.417,-7.43,-6.07,-8.86,1
active_6,-8.515657276995306,-8.58,-7.38,-8.77,1
active_700,-6.599328859060403,-6.66,-5.62,-7.2,0
active_701,-6.958796296296296,-6.9,-5.65,-7.85,0
active_702,-6.953823529411764,-7.075,-4.85,-8.05,0
active_703,-7.284148936170213,-7.305,-5.35,-8.13,0
active_704,-6.568631178707225,-6.62,-5.97,-6.95,0
active_705,-6.541538461538462,-6.53,-5.19,-7.44,0
active_706,-7.12561403508772,-7.285,-5.64,-8.14,0
active_707,-6.330081967213115,-6.3100000000000005,-5.21,-7.3,0
active_708,-5.760434782608695,-5.78,-4.85,-6.28,0
active_709,-6.0231654676258986,-6.11,-4.99,-6.52,0
active_70,-6.571851851851852,-6.55,-5.01,-7.52,1
active_710,-6.937241379310344,-7.18,-5.03,-7.81,0
active_711,-6.997924528301887,-7.02,-5.89,-7.71,0
active_712,-6.456415094339622,-6.45,-5.55,-7.4,0
active_713,-5.850152671755726,-5.87,-5.07,-6.26,0
active_714,-6.312956521739131,-6.2,-5.3,-7.21,0
active_715,-6.883529411764707,-6.99,-5.15,-7.56,0
active_716,-6.97293103448276,-7.075,-5.0,-7.58,0
active_717,-6.756410256410256,-6.87,-5.33,-7.62,0
active_718,-5.933,-5.92,-4.74,-6.64,0
active_719,-7.209285714285714,-7.205,-6.03,-8.49,0
active_71,-7.092592592592593,-7.09,-6.08,-8.11,1
active_720,-6.674811320754717,-6.78,-4.98,-7.8,0
active_721,-6.894574468085107,-6.83,-5.13,-8.19,0
active_722,-8.258999999999999,-8.57,-6.21,-9.57,0
active_723,-7.078247422680413,-7.13,-5.32,-8.32,0
active_724,-6.824805194805195,-6.68,-5.43,-8.19,0
active_725,-8.132758620689655,-8.34,-6.19,-9.6,0
active_726,-6.839153846153846,-6.78,-5.57,-7.7,0
active_727,-7.072654867256637,-7.07,-5.76,-7.88,0
active_728,-6.157272727272727,-6.21,-4.99,-6.76,0
active_729,-7.135042016806724,-7.4,-5.28,-7.57,0
active_72,-7.359285714285714,-7.45,-5.65,-8.61,1
active_730,-7.2673469387755105,-7.425,-5.5,-8.46,0
active_731,-6.649560975609757,-6.66,-4.99,-7.46,0
active_732,-7.967981651376147,-8.02,-6.21,-8.94,0
active_733,-6.712045454545455,-6.615,-5.6,-7.73,0
active_734,-6.861880733944954,-6.92,-4.79,-8.06,0
active_735,-6.7542307692307695,-6.8,-4.48,-7.66,0
active_736,-6.785847953216375,-6.95,-5.6,-7.08,0
active_737,-7.185192307692308,-7.18,-5.88,-7.85,0
active_738,-7.1225,-7.165,-5.83,-8.07,0
active_739,-6.099242424242424,-6.075,-5.15,-7.21,0
active_73,-7.167083333333334,-7.265000000000001,-5.98,-7.9,1
active_740,-6.121978021978022,-6.13,-3.9,-7.63,0
active_741,-6.220487804878049,-6.09,-5.24,-7.55,0
active_742,-5.605357142857143,-5.640000000000001,-4.61,-6.18,0
active_743,-7.345833333333333,-7.335,-6.55,-8.49,0
active_744,-6.955841584158415,-6.92,-5.91,-8.15,0
active_745,-5.416944444444444,-5.47,-4.43,-6.24,0
active_746,-5.34875,-5.395,-4.64,-6.12,0
active_747,-6.274761904761905,-6.23,-5.35,-7.13,0
active_748,-7.067297297297298,-7.11,-5.73,-8.35,0
active_749,-6.789285714285714,-6.895,-5.4,-8.03,0
active_74,-6.5200000000000005,-6.65,-5.47,-7.1,1
active_750,-6.17,-6.07,-4.81,-7.48,0
active_751,-6.8538461538461535,-6.775,-5.29,-7.87,0
active_752,-6.5912,-6.69,-5.05,-7.54,0
active_753,-5.9816666666666665,-5.93,-4.39,-7.04,0
active_754,-5.807142857142858,-5.945,-4.67,-6.62,0
active_755,-5.550588235294118,-5.49,-4.52,-6.66,0
active_756,-4.943043478260869,-4.91,-4.38,-6.05,0
active_757,-6.3252,-6.38,-5.4,-7.37,0
active_758,-6.158888888888889,-6.25,-5.01,-7.23,0
active_759,-5.008947368421053,-5.04,-4.31,-5.82,0
active_75,-7.208064516129032,-7.34,-6.23,-8.17,1
active_760,-5.541428571428573,-5.61,-3.94,-7.18,0
active_761,-7.1196,-7.14,-6.05,-8.23,0
active_762,-6.8611538461538455,-6.95,-5.31,-7.99,0
active_763,-6.669999999999999,-6.74,-5.29,-7.59,0
active_764,-5.880476190476191,-5.84,-4.79,-6.63,0
active_765,-5.213835616438356,-5.31,-3.69,-6.13,0
active_766,-6.525121951219513,-6.5,-5.07,-7.76,0
active_767,-5.638148148148148,-5.66,-4.49,-6.63,0
active_768,-8.456357142857142,-8.45,-7.06,-9.83,0
active_769,-8.12353982300885,-8.18,-6.26,-9.58,0
active_76,-6.665,-6.85,-5.48,-7.42,1
active_770,-8.489767441860463,-8.44,-7.02,-9.91,0
active_771,-8.675508474576272,-8.78,-7.15,-9.64,0
active_772,-8.616666666666667,-8.73,-7.03,-9.78,0
active_773,-8.372391304347827,-8.355,-6.78,-9.62,0
active_774,-8.644190476190477,-8.65,-7.37,-9.45,0
active_775,-8.98857142857143,-8.995000000000001,-7.61,-9.8,0
active_776,-10.002045454545454,-10.225,-7.12,-11.99,0
active_777,-7.941351351351352,-7.995,-7.01,-9.01,0
active_778,-8.68141592920354,-8.73,-7.12,-9.79,0
active_779,-8.718125,-8.774999999999999,-7.15,-9.99,0
active_77,-5.5286725663716805,-5.47,-4.34,-6.13,1
active_780,-8.885111111111112,-8.91,-7.64,-9.97,0
active_781,-7.177604166666666,-7.24,-5.4,-8.28,0
active_782,-8.6869918699187,-8.74,-7.06,-9.92,0
active_783,-7.272307692307693,-7.23,-6.37,-8.56,0
active_784,-5.471269841269841,-5.48,-4.22,-6.44,0
active_785,-5.7165625,-5.779999999999999,-4.44,-6.61,0
active_786,-5.829534883720931,-5.87,-4.94,-6.68,0
active_787,-8.684552238805969,-8.774999999999999,-7.35,-9.55,0
active_788,-7.05875,-7.029999999999999,-5.75,-8.12,0
active_789,-5.7671875,-5.79,-4.97,-6.85,0
active_78,-7.46952380952381,-7.58,-6.59,-8.86,1
active_790,-7.239783783783785,-7.39,-5.93,-8.05,0
active_791,-7.09943820224719,-7.15,-5.89,-8.07,0
active_792,-7.820625000000001,-7.835,-6.58,-8.73,0
active_793,-5.556808510638297,-5.6,-4.4,-6.5,0
active_794,-6.153333333333333,-6.16,-4.71,-7.71,0
active_795,-8.588736263736264,-8.645,-6.65,-9.96,0
active_796,-5.616296296296296,-5.68,-4.54,-6.95,0
active_797,-6.4433333333333325,-6.64,-5.27,-8.07,0
active_798,-7.8961538461538465,-8.015,-6.69,-8.87,0
active_799,-7.997777777777778,-7.880000000000001,-7.02,-9.18,0
active_79,-7.078125,-7.22,-6.14,-7.98,1
active_7,-8.019536082474227,-8.06,-6.17,-8.8,1
active_800,-6.926666666666667,-6.97,-5.79,-8.35,0
active_801,-5.212950819672131,-5.26,-4.08,-6.43,0
active_802,-8.2625,-8.395,-6.87,-9.51,0
active_803,-7.0825000000000005,-7.025,-5.05,-8.35,0
active_804,-6.921851851851852,-6.74,-5.78,-8.45,0
active_805,-7.3304,-7.39,-5.89,-8.22,0
active_806,-6.55923076923077,-6.485,-5.28,-8.23,0
active_807,-7.422608695652175,-7.45,-6.28,-8.4,0
active_808,-5.277179487179487,-5.36,-4.18,-5.91,0
active_809,-6.126206896551724,-6.2,-5.45,-6.87,0
active_80,-8.477777777777778,-8.45,-7.53,-9.71,1
active_810,-4.570384615384616,-4.595,-3.46,-5.36,0
active_811,-6.348064516129032,-6.35,-4.41,-7.42,0
active_812,-6.775348837209302,-6.81,-5.18,-8.09,0
active_813,-5.42264705882353,-5.425000000000001,-3.78,-6.59,0
active_814,-5.732666666666668,-5.88,-4.4,-6.55,0
active_815,-7.935384615384615,-8.06,-6.12,-8.91,0
active_816,-6.575769230769232,-6.75,-4.99,-7.53,0
active_817,-5.940500000000001,-6.05,-4.83,-6.97,0
active_818,-5.628260869565217,-5.64,-4.97,-6.53,0
active_819,-6.380526315789474,-6.18,-4.74,-7.59,0
active_81,-6.650645161290323,-6.49,-5.52,-7.78,1
active_820,-5.537857142857143,-5.65,-4.1,-6.47,0
active_821,-7.428235294117647,-7.37,-6.43,-8.12,0
active_822,-5.846666666666667,-5.9,-4.63,-6.96,0
active_823,-7.811304347826088,-7.76,-6.38,-9.22,0
active_824,-5.235757575757575,-5.16,-4.66,-5.84,0
active_825,-6.725333333333333,-6.7,-5.6,-7.92,0
active_826,-7.88,-7.79,-6.54,-8.82,0
active_827,-6.526470588235295,-6.53,-4.98,-7.59,0
active_828,-6.448214285714285,-6.51,-5.42,-7.53,0
active_829,-7.52,-7.380000000000001,-6.4,-8.76,0
active_82,-8.815227272727272,-8.82,-7.53,-9.95,1
active_830,-6.216470588235294,-6.29,-5.23,-7.2,0
active_831,-5.555000000000001,-5.615,-4.51,-6.53,0
active_832,-5.32054054054054,-5.29,-4.64,-6.16,0
active_833,-5.33657894736842,-5.38,-3.78,-6.48,0
active_834,-6.249,-6.220000000000001,-5.4,-7.06,0
active_835,-6.114782608695651,-6.12,-5.41,-6.98,0
active_836,-6.4551612903225815,-6.46,-5.1,-8.09,0
active_837,-5.297777777777778,-5.385,-4.53,-5.98,0
active_838,-6.411428571428571,-6.58,-5.15,-7.41,0
active_839,-7.95,-8.09,-6.97,-8.83,0
active_83,-8.48,-8.41,-7.59,-9.23,1
active_840,-4.715945945945946,-4.65,-3.92,-5.56,0
active_841,-6.118,-5.94,-4.88,-7.34,0
active_842,-6.026470588235294,-5.91,-5.35,-6.73,0
active_843,-6.678437499999999,-6.845,-5.01,-7.78,0
active_844,-5.496818181818182,-5.515000000000001,-3.82,-6.43,0
active_845,-10.276712328767124,-10.27,-7.75,-11.77,0
active_846,-10.159634146341462,-10.27,-8.52,-11.56,0
active_847,-6.441000000000001,-6.37,-5.27,-7.34,0
active_848,-6.984999999999999,-7.135,-5.49,-7.79,0
active_849,-6.305999999999999,-6.19,-5.08,-7.46,0
active_84,-7.368709677419355,-7.51,-5.45,-8.24,1
active_850,-6.7087804878048765,-6.65,-5.44,-7.67,0
active_851,-6.649583333333333,-6.71,-5.59,-7.6,0
active_852,-6.040588235294117,-5.93,-5.07,-6.9,0
active_853,-4.547499999999999,-4.625,-3.82,-5.17,0
active_854,-6.214545454545455,-6.28,-5.12,-7.2,0
active_855,-4.739090909090908,-4.76,-3.87,-5.44,0
active_856,-6.350714285714285,-6.6850000000000005,-4.87,-7.36,0
active_857,-6.304285714285715,-6.34,-5.07,-7.38,0
active_858,-7.919130434782608,-7.92,-6.87,-8.66,0
active_859,-6.601481481481482,-6.609999999999999,-5.4,-7.52,0
active_85,-7.319615384615385,-7.325,-6.01,-8.42,1
active_860,-5.602222222222221,-5.640000000000001,-4.85,-6.15,0
active_861,-5.841666666666666,-5.945,-5.0,-6.43,0
active_862,-5.74121212121212,-5.71,-4.47,-6.7,0
active_863,-5.9725,-5.925,-5.06,-6.76,0
active_864,-6.194,-6.26,-5.06,-6.9,0
active_865,-5.942727272727273,-5.92,-5.29,-6.65,0
active_866,-5.725357142857143,-5.695,-4.69,-6.88,0
active_867,-6.803428571428571,-6.77,-5.94,-7.99,0
active_868,-4.707,-4.705,-4.02,-5.48,0
active_869,-5.437200000000001,-5.47,-4.94,-5.98,0
active_86,-8.084318181818182,-8.225000000000001,-6.58,-8.9,1
active_870,-5.921818181818181,-5.86,-4.43,-7.2,0
active_871,-8.174444444444445,-8.3,-6.7,-9.37,0
active_872,-5.720357142857144,-5.699999999999999,-4.77,-6.75,0
active_873,-5.729411764705882,-5.734999999999999,-5.13,-6.61,0
active_874,-5.203870967741936,-5.37,-3.67,-6.3,0
active_875,-5.430833333333333,-5.315,-4.37,-6.63,0
active_876,-5.8325,-5.9350000000000005,-4.31,-6.68,0
active_877,-7.9962068965517235,-8.02,-6.78,-8.97,0
active_878,-5.562105263157894,-5.55,-4.53,-6.39,0
active_879,-7.421739130434783,-7.29,-6.43,-8.97,0
active_87,-8.764117647058825,-8.61,-7.74,-10.22,1
active_880,-7.118888888888888,-7.165,-6.2,-8.26,0
active_881,-7.118095238095239,-7.12,-6.12,-8.15,0
active_882,-6.799473684210526,-6.8,-5.83,-8.76,0
active_883,-6.016000000000001,-6.135,-4.91,-6.76,0
active_884,-6.3075409836065575,-6.27,-5.14,-7.76,0
active_885,-6.453913043478261,-6.46,-5.32,-7.64,0
active_886,-7.029393939393938,-7.13,-5.78,-8.19,0
active_887,-7.301818181818183,-7.365,-5.5,-8.21,0
active_888,-7.625365853658536,-7.49,-6.18,-8.97,0
active_889,-6.677349397590362,-6.68,-5.65,-7.26,0
active_88,-7.584,-7.48,-6.73,-8.56,1
active_890,-5.788787878787878,-5.88,-4.36,-6.9,0
active_891,-8.569120000000002,-8.55,-7.42,-9.53,0
active_892,-9.97456204379562,-10.03,-7.99,-11.78,0
active_893,-8.047962962962963,-8.085,-6.31,-9.18,0
active_894,-8.500084745762711,-8.575,-7.1,-9.48,0
active_895,-8.838842105263158,-9.01,-7.33,-9.92,0
active_896,-7.250265486725665,-7.25,-5.49,-8.03,0
active_897,-9.59274336283186,-9.57,-8.44,-10.25,0
active_898,-8.49377358490566,-8.6,-7.0,-9.12,0
active_899,-9.792307692307691,-9.89,-8.34,-10.74,0
active_89,-6.927692307692308,-6.92,-5.88,-8.2,1
active_8,-8.344798206278028,-8.41,-6.87,-8.79,1
active_900,-8.60608108108108,-8.56,-7.13,-10.07,0
active_901,-9.325562130177516,-9.27,-8.02,-10.48,0
active_902,-8.059565217391304,-8.13,-6.77,-9.08,0
active_903,-8.889275362318841,-8.98,-7.51,-9.95,0
active_904,-8.639693877551021,-8.68,-7.02,-9.62,0
active_905,-9.284406779661015,-9.41,-7.23,-10.67,0
active_906,-8.7125,-8.74,-7.17,-9.77,0
active_907,-8.69320610687023,-8.68,-7.36,-10.14,0
active_908,-9.926756756756756,-9.86,-8.16,-11.48,0
active_909,-9.314479166666668,-9.315,-7.29,-10.83,0
active_90,-7.178571428571429,-7.314999999999999,-6.05,-8.06,1
active_910,-9.521777777777777,-9.54,-7.61,-11.49,0
active_911,-9.957972350230412,-9.97,-7.76,-11.29,0
active_912,-10.950782608695654,-11.0,-8.71,-12.59,0
active_913,-8.476689655172413,-8.58,-7.0,-9.33,0
active_914,-8.791666666666666,-8.86,-6.58,-9.98,0
active_915,-9.9783,-10.08,-7.47,-11.92,0
active_916,-11.110620437956204,-11.155,-8.51,-12.84,0
active_917,-8.864020100502513,-8.91,-7.16,-10.04,0
active_918,-9.32111111111111,-9.41,-6.69,-10.4,0
active_919,-8.228679245283018,-8.305,-6.75,-9.24,0
active_91,-7.076315789473684,-7.25,-5.37,-8.09,1
active_920,-8.899444444444443,-8.97,-7.32,-10.23,0
active_921,-8.88855421686747,-9.0,-7.24,-9.86,0
active_922,-9.64005649717514,-9.71,-7.83,-10.89,0
active_923,-8.666822429906542,-8.77,-7.15,-9.84,0
active_924,-7.432727272727273,-7.41,-5.88,-8.82,0
active_925,-8.830617283950616,-8.94,-7.12,-9.76,0
active_926,-7.760989010989011,-7.85,-6.58,-8.74,0
active_927,-9.076054421768706,-9.11,-7.1,-10.37,0
active_928,-9.655479452054797,-9.68,-7.36,-11.8,0
active_929,-8.515742574257427,-8.49,-7.17,-9.67,0
active_92,-6.8478260869565215,-6.97,-5.86,-7.68,1
active_930,-9.811882352941176,-9.89,-7.88,-11.26,0
active_931,-7.806486486486487,-7.64,-6.56,-9.27,0
active_932,-8.75590476190476,-8.9,-7.08,-9.71,0
active_933,-8.154649122807017,-8.24,-6.76,-9.38,0
active_934,-6.840322580645162,-6.85,-5.54,-7.78,0
active_935,-9.823627450980393,-9.955,-7.09,-11.49,0
active_936,-5.728717948717948,-5.68,-4.76,-6.72,0
active_937,-7.427777777777779,-7.335,-6.3,-8.74,0
active_938,-8.04921568627451,-8.145,-6.7,-9.21,0
active_939,-6.302976190476191,-6.225,-5.38,-7.32,0
active_93,-7.004583333333334,-6.985,-6.32,-7.54,1
active_940,-9.20596153846154,-9.29,-7.35,-10.57,0
active_941,-6.788585858585858,-6.87,-5.98,-7.36,0
active_942,-8.595374149659865,-8.71,-7.02,-9.41,0
active_943,-8.17942857142857,-8.23,-6.91,-9.21,0
active_944,-8.982884615384616,-9.1,-7.51,-10.11,0
active_945,-10.339333333333332,-10.355,-7.65,-12.13,0
active_946,-8.950434782608696,-8.96,-7.6,-10.17,0
active_947,-8.036428571428571,-8.11,-6.9,-8.87,0
active_948,-7.509310344827585,-7.67,-5.95,-8.38,0
active_949,-8.423384615384615,-8.46,-6.98,-9.4,0
active_94,-7.104090909090909,-7.07,-6.27,-8.02,1
active_950,-5.682131147540984,-5.67,-4.97,-6.35,0
active_951,-5.505735294117647,-5.46,-4.51,-6.66,0
active_952,-5.402558139534884,-5.4,-4.49,-6.29,0
active_953,-5.929117647058823,-5.865,-4.79,-6.94,0
active_954,-6.3461061946902655,-6.46,-5.11,-6.98,0
active_955,-5.1933928571428565,-5.21,-4.16,-6.38,0
active_956,-6.507735849056604,-6.44,-5.48,-7.95,0
active_957,-5.839230769230769,-5.91,-5.04,-6.55,0
active_958,-5.918275862068965,-5.94,-4.92,-6.72,0
active_959,-5.57051724137931,-5.62,-4.42,-6.52,0
active_95,-6.951666666666667,-6.855,-6.13,-7.76,1
active_960,-5.776981132075471,-5.72,-4.9,-6.74,0
active_961,-6.184227642276423,-6.29,-4.91,-6.81,0
active_962,-5.495588235294117,-5.59,-4.61,-6.09,0
active_963,-6.686976744186047,-6.73,-5.47,-7.42,0
active_964,-6.0925714285714285,-6.0600000000000005,-5.06,-6.86,0
active_965,-4.850892857142857,-4.925,-3.95,-5.88,0
active_966,-5.973835616438357,-5.93,-5.11,-6.93,0
active_967,-6.465857142857143,-6.535,-4.92,-7.11,0
active_968,-5.961734693877551,-6.045,-4.88,-6.66,0
active_969,-5.757752808988765,-5.76,-5.02,-6.3,0
active_96,-6.717931034482758,-6.8,-5.16,-7.44,1
active_970,-4.980731707317074,-4.93,-4.0,-6.31,0
active_971,-5.872244897959184,-5.87,-4.92,-6.78,0
active_972,-5.353442622950819,-5.25,-4.17,-6.75,0
active_973,-6.090923076923077,-6.18,-5.07,-6.82,0
active_974,-7.407073170731706,-7.37,-6.42,-8.49,0
active_975,-6.088059701492537,-6.04,-5.1,-6.92,0
active_976,-6.159883720930233,-6.135,-5.44,-6.96,0
active_977,-6.460925925925926,-6.46,-5.46,-7.03,0
active_978,-5.882241379310345,-5.84,-5.18,-6.67,0
active_979,-6.271785714285714,-6.25,-5.44,-6.73,0
active_97,-6.707105263157894,-6.695,-5.81,-7.8,1
active_980,-6.291195652173912,-6.24,-5.49,-6.84,0
active_981,-6.365937499999999,-6.369999999999999,-5.69,-6.99,0
active_982,-6.619318181818182,-6.605,-5.72,-7.46,0
active_983,-6.088775510204082,-6.17,-5.05,-6.83,0
active_984,-6.241851851851853,-6.21,-5.46,-6.93,0
active_985,-6.395434782608696,-6.485,-5.31,-6.78,0
active_986,-6.136161616161616,-6.13,-5.33,-6.78,0
active_987,-5.722528735632184,-5.71,-4.61,-6.44,0
active_988,-6.018208955223881,-5.99,-5.04,-6.74,0
active_989,-6.233538461538462,-6.19,-5.29,-7.1,0
active_98,-7.82475,-7.970000000000001,-6.25,-8.6,1
active_990,-5.594499999999999,-5.619999999999999,-4.7,-6.27,0
active_991,-6.828333333333334,-6.76,-6.15,-7.37,0
active_992,-6.347142857142858,-6.3,-5.57,-7.11,0
active_993,-5.704520547945204,-5.7,-4.74,-6.39,0
active_994,-6.078295454545455,-6.13,-4.78,-6.8,0
active_995,-6.037121212121212,-6.13,-5.02,-6.75,0
active_996,-5.197555555555555,-5.18,-4.65,-5.9,0
active_997,-6.39344537815126,-6.42,-5.07,-7.07,0
active_998,-6.852142857142857,-6.67,-5.96,-7.78,0
active_999,-6.39027972027972,-6.37,-5.63,-7.25,0
active_99,-6.570571428571429,-6.46,-5.23,-7.78,1
active_9,-7.944491017964072,-8.01,-6.66,-8.34,1
